11/22/15-20:12:55,22
11/22/15-20:13:11,19
11/22/15-20:13:26,23
11/22/15-20:13:41,23
11/22/15-20:13:56,25
11/22/15-20:14:11,17
11/22/15-20:14:26,24
11/22/15-20:14:42,23
11/22/15-20:14:57,23
11/22/15-20:15:12,19
11/22/15-20:15:27,15
11/22/15-20:15:43,20
11/22/15-20:15:58,27
11/22/15-20:16:13,17
11/22/15-20:16:28,27
11/22/15-20:16:43,23
11/22/15-20:16:58,22
11/22/15-20:17:13,19
11/22/15-20:17:28,25
11/22/15-20:17:44,22
11/22/15-20:17:59,18
11/22/15-20:18:14,19
11/22/15-20:18:29,24
11/22/15-20:18:44,17
11/22/15-20:18:59,25
11/22/15-20:19:14,18
11/22/15-20:19:30,24
11/22/15-20:19:45,18
11/22/15-20:20:00,26
11/22/15-20:20:15,25
11/22/15-20:20:30,22
11/22/15-20:20:45,26
11/22/15-20:21:00,17
11/22/15-20:21:15,22
11/22/15-20:21:31,20
11/22/15-20:21:46,18
11/22/15-20:22:01,19
11/22/15-20:22:16,19
11/22/15-20:22:31,24
11/22/15-20:22:46,21
11/22/15-20:23:01,22
11/22/15-20:23:17,17
11/22/15-20:23:32,28
11/22/15-20:23:47,21
11/22/15-20:24:02,20
11/22/15-20:24:17,20
11/22/15-20:24:32,23
11/22/15-20:24:48,16
11/22/15-20:25:03,24
11/22/15-20:25:18,22
11/22/15-20:25:33,26
11/22/15-20:25:49,23
11/22/15-20:26:04,28
11/22/15-20:26:19,19
11/22/15-20:26:34,28
11/22/15-20:26:49,20
11/22/15-20:27:04,24
11/22/15-20:27:19,26
11/22/15-20:27:35,15
11/22/15-20:27:50,28
11/22/15-20:28:05,22
11/22/15-20:28:20,16
11/22/15-20:28:35,24
11/22/15-20:28:50,29
11/22/15-20:29:05,26
11/22/15-20:29:21,28
11/22/15-20:29:36,27
11/22/15-20:29:51,18
11/22/15-20:30:06,18
11/22/15-20:30:21,28
11/22/15-20:30:37,28
11/22/15-20:30:52,16
11/22/15-20:31:07,25
11/22/15-20:31:22,28
11/22/15-20:31:37,15
11/22/15-20:31:52,19
11/22/15-20:32:08,23
11/22/15-20:32:23,21
11/22/15-20:32:38,20
11/22/15-20:32:53,29
11/22/15-20:33:08,15
11/22/15-20:33:24,19
11/22/15-20:33:39,24
11/22/15-20:33:54,16
11/22/15-20:34:09,17
11/22/15-20:34:24,20
11/22/15-20:34:39,15
11/22/15-20:34:55,29
11/22/15-20:35:10,21
11/22/15-20:35:25,18
11/22/15-20:35:40,18
11/22/15-20:35:55,23
11/22/15-20:36:10,20
11/22/15-20:36:26,22
11/22/15-20:36:41,27
11/22/15-20:36:56,26
11/22/15-20:37:11,16
11/22/15-20:37:26,27
11/22/15-20:37:41,23
11/22/15-20:37:56,24
11/22/15-20:38:12,21
11/22/15-20:38:27,27
11/22/15-20:38:42,26
11/22/15-20:38:57,23
11/22/15-20:39:12,17
11/22/15-20:39:27,23
11/22/15-20:39:42,22
11/22/15-20:39:57,27
11/22/15-20:40:13,24
11/22/15-20:40:28,24
11/22/15-20:40:43,29
11/22/15-20:40:58,26
11/22/15-20:41:13,20
11/22/15-20:41:28,15
11/22/15-20:41:43,15
11/22/15-20:41:59,23
11/22/15-20:42:14,22
11/22/15-20:42:29,19
11/22/15-20:42:44,23
11/22/15-20:42:59,17
11/22/15-20:43:14,15
11/22/15-20:43:29,22
11/22/15-20:43:45,24
11/22/15-20:44:00,28
11/22/15-20:44:15,25
11/22/15-20:44:30,18
11/22/15-20:44:45,23
11/22/15-20:45:00,25
11/22/15-20:45:16,16
11/22/15-20:45:31,27
11/22/15-20:45:46,22
11/22/15-20:46:01,25
11/22/15-20:46:16,22
11/22/15-20:46:31,22
11/22/15-20:46:46,22
11/22/15-20:47:02,21
11/22/15-20:47:17,15
11/22/15-20:47:32,22
11/22/15-20:47:47,21
11/22/15-20:48:02,26
11/22/15-20:48:17,20
11/22/15-20:48:32,21
11/22/15-20:48:48,23
11/22/15-20:49:03,27
11/22/15-20:49:18,16
11/22/15-20:49:33,20
11/22/15-20:49:48,20
11/22/15-20:50:03,19
11/22/15-20:50:18,20
11/22/15-20:50:34,16
11/22/15-20:50:49,17
11/22/15-20:51:04,28
11/22/15-20:51:19,15
11/22/15-20:51:34,24
11/22/15-20:51:49,24
11/22/15-20:52:05,23
11/22/15-20:52:20,19
11/22/15-20:52:35,20
11/22/15-20:52:50,25
11/22/15-20:53:05,21
11/22/15-20:53:20,18
11/22/15-20:53:35,26
11/22/15-20:53:51,23
11/22/15-20:54:06,20
11/22/15-20:54:21,18
11/22/15-20:54:36,19
11/22/15-20:54:51,15
11/22/15-20:55:06,29
11/22/15-20:55:21,16
11/22/15-20:55:37,19
11/22/15-20:55:52,26
11/22/15-20:56:07,24
11/22/15-20:56:22,28
11/22/15-20:56:37,18
11/22/15-20:56:53,19
11/22/15-20:57:08,25
11/22/15-20:57:23,20
11/22/15-20:57:38,24
11/22/15-20:57:53,28
11/22/15-20:58:08,27
11/22/15-20:58:24,25
11/22/15-20:58:39,22
11/22/15-20:58:54,17
11/22/15-20:59:09,24
11/22/15-20:59:24,17
11/22/15-20:59:40,15
11/22/15-20:59:55,16
11/22/15-21:00:10,25
11/22/15-21:00:25,28
11/22/15-21:00:40,25
11/22/15-21:00:55,29
11/22/15-21:01:11,23
11/22/15-21:01:26,25
11/22/15-21:01:41,15
11/22/15-21:01:56,15
11/22/15-21:02:11,29
11/22/15-21:02:27,22
11/22/15-21:02:42,26
11/22/15-21:02:57,24
11/22/15-21:03:12,27
11/22/15-21:03:27,24
11/22/15-21:03:42,25
11/22/15-21:03:58,23
11/22/15-21:04:13,26
11/22/15-21:04:28,27
11/22/15-21:04:43,15
11/22/15-21:04:58,16
11/22/15-21:05:14,23
11/22/15-21:05:29,29
11/22/15-21:05:44,22
11/22/15-21:05:59,18
11/22/15-21:06:15,22
11/22/15-21:06:30,20
11/22/15-21:06:45,20
11/22/15-21:07:00,17
11/22/15-21:07:15,21
11/22/15-21:07:31,18
11/22/15-21:07:46,22
11/22/15-21:08:01,16
11/22/15-21:08:16,15
11/22/15-21:08:31,25
11/22/15-21:08:47,23
11/22/15-21:09:02,20
11/22/15-21:09:17,21
11/22/15-21:09:32,27
11/22/15-21:09:47,19
11/22/15-21:10:02,19
11/22/15-21:10:18,21
11/22/15-21:10:33,21
11/22/15-21:10:48,16
11/22/15-21:11:03,22
11/22/15-21:11:18,20
11/22/15-21:11:33,29
11/22/15-21:11:49,19
11/22/15-21:12:04,20
11/22/15-21:12:19,24
11/22/15-21:12:34,22
11/22/15-21:12:49,15
11/22/15-21:13:05,28
11/22/15-21:13:20,29
11/22/15-21:13:35,20
11/22/15-21:13:50,25
11/22/15-21:14:05,15
11/22/15-21:14:21,21
11/22/15-21:14:36,18
11/22/15-21:14:51,22
11/22/15-21:15:06,26
11/22/15-21:15:21,28
11/22/15-21:15:36,24
11/22/15-21:15:52,21
11/22/15-21:16:07,24
11/22/15-21:16:22,23
11/22/15-21:16:37,18
11/22/15-21:16:52,17
11/22/15-21:17:08,21
11/22/15-21:17:23,24
11/22/15-21:17:38,18
11/22/15-21:17:53,26
11/22/15-21:18:08,21
11/22/15-21:18:23,19
11/22/15-21:18:38,29
11/22/15-21:18:54,25
11/22/15-21:19:09,29
11/22/15-21:19:24,15
11/22/15-21:19:39,19
11/22/15-21:19:54,28
11/22/15-21:20:09,19
11/22/15-21:20:24,25
11/22/15-21:20:40,27
11/22/15-21:20:55,15
11/22/15-21:21:10,27
11/22/15-21:21:25,15
11/22/15-21:21:40,20
11/22/15-21:21:56,26
11/22/15-21:22:11,29
11/22/15-21:22:26,27
11/22/15-21:22:41,18
11/22/15-21:22:56,24
11/22/15-21:23:11,20
11/22/15-21:23:27,15
11/22/15-21:23:42,16
11/22/15-21:23:57,17
11/22/15-21:24:12,19
11/22/15-21:24:27,27
11/22/15-21:24:42,29
11/22/15-21:24:57,26
11/22/15-21:25:12,28
11/22/15-21:25:28,15
11/22/15-21:25:43,23
11/22/15-21:25:58,29
11/22/15-21:26:13,24
11/22/15-21:26:28,19
11/22/15-21:26:43,18
11/22/15-21:26:59,28
11/22/15-21:27:14,17
11/22/15-21:27:29,27
11/22/15-21:27:44,23
11/22/15-21:27:59,17
11/22/15-21:28:14,15
11/22/15-21:28:30,21
11/22/15-21:28:45,23
11/22/15-21:29:00,19
11/22/15-21:29:15,25
11/22/15-21:29:30,26
11/22/15-21:29:46,15
11/22/15-21:30:01,24
11/22/15-21:30:16,20
11/22/15-21:30:31,15
11/22/15-21:30:46,16
11/22/15-21:31:01,23
11/22/15-21:31:17,15
11/22/15-21:31:32,18
11/22/15-21:31:47,17
11/22/15-21:32:02,26
11/22/15-21:32:17,23
11/22/15-21:32:33,21
11/22/15-21:32:48,17
11/22/15-21:33:03,16
11/22/15-21:33:18,23
11/22/15-21:33:34,24
11/22/15-21:33:49,24
11/22/15-21:34:04,27
11/22/15-21:34:19,23
11/22/15-21:34:34,26
11/22/15-21:34:50,25
11/22/15-21:35:05,22
11/22/15-21:35:20,28
11/22/15-21:35:35,17
11/22/15-21:35:51,21
11/22/15-21:36:06,23
11/22/15-21:36:21,24
11/22/15-21:36:36,18
11/22/15-21:36:51,27
11/22/15-21:37:07,19
11/22/15-21:37:22,18
11/22/15-21:37:37,15
11/22/15-21:37:52,19
11/22/15-21:38:08,20
11/22/15-21:38:23,25
11/22/15-21:38:38,27
11/22/15-21:38:53,20
11/22/15-21:39:08,25
11/22/15-21:39:23,15
11/22/15-21:39:38,21
11/22/15-21:39:54,22
11/22/15-21:40:09,23
11/22/15-21:40:24,15
11/22/15-21:40:39,16
11/22/15-21:40:54,25
11/22/15-21:41:10,27
11/22/15-21:41:25,23
11/22/15-21:41:40,29
11/22/15-21:41:56,23
11/22/15-21:42:11,20
11/22/15-21:42:26,24
11/22/15-21:42:41,28
11/22/15-21:42:56,27
11/22/15-21:43:11,15
11/22/15-21:43:26,24
11/22/15-21:43:41,25
11/22/15-21:43:57,23
11/22/15-21:44:12,27
11/22/15-21:44:27,22
11/22/15-21:44:42,28
11/22/15-21:44:57,19
11/22/15-21:45:12,27
11/22/15-21:45:27,27
11/22/15-21:45:43,29
11/22/15-21:45:58,15
11/22/15-21:46:13,18
11/22/15-21:46:28,18
11/22/15-21:46:44,18
11/22/15-21:46:59,18
11/22/15-21:47:14,25
11/22/15-21:47:29,23
11/22/15-21:47:44,19
11/22/15-21:47:59,21
11/22/15-21:48:15,20
11/22/15-21:48:30,29
11/22/15-21:48:45,27
11/22/15-21:49:00,18
11/22/15-21:49:15,28
11/22/15-21:49:30,27
11/22/15-21:49:46,25
11/22/15-21:50:01,15
11/22/15-21:50:16,21
11/22/15-21:50:31,25
11/22/15-21:50:46,28
11/22/15-21:51:02,20
11/22/15-21:51:17,25
11/22/15-21:51:32,18
11/22/15-21:51:47,23
11/22/15-21:52:02,23
11/22/15-21:52:17,26
11/22/15-21:52:33,25
11/22/15-21:52:48,19
11/22/15-21:53:03,20
11/22/15-21:53:18,19
11/22/15-21:53:33,17
11/22/15-21:53:49,19
11/22/15-21:54:04,19
11/22/15-21:54:19,22
11/22/15-21:54:34,29
11/22/15-21:54:49,26
11/22/15-21:55:05,15
11/22/15-21:55:20,19
11/22/15-21:55:35,28
11/22/15-21:55:50,25
11/22/15-21:56:05,15
11/22/15-21:56:21,28
11/22/15-21:56:36,20
11/22/15-21:56:51,16
11/22/15-21:57:06,24
11/22/15-21:57:21,23
11/22/15-21:57:36,21
11/22/15-21:57:51,29
11/22/15-21:58:07,15
11/22/15-21:58:22,16
11/22/15-21:58:37,26
11/22/15-21:58:52,24
11/22/15-21:59:07,24
11/22/15-21:59:23,23
11/22/15-21:59:38,21
11/22/15-21:59:53,21
11/22/15-22:00:08,24
11/22/15-22:00:24,20
11/22/15-22:00:39,23
11/22/15-22:00:54,21
11/22/15-22:01:09,20
11/22/15-22:01:24,23
11/22/15-22:01:39,21
11/22/15-22:01:54,21
11/22/15-22:02:10,20
11/22/15-22:02:25,15
11/22/15-22:02:40,28
11/22/15-22:02:55,29
11/22/15-22:03:10,29
11/22/15-22:03:25,18
11/22/15-22:03:41,20
11/22/15-22:03:56,20
11/22/15-22:04:11,17
11/22/15-22:04:26,18
11/22/15-22:04:41,28
11/22/15-22:04:57,17
11/22/15-22:05:12,28
11/22/15-22:05:27,15
11/22/15-22:05:42,24
11/22/15-22:05:57,15
11/22/15-22:06:12,22
11/22/15-22:06:28,16
11/22/15-22:06:43,15
11/22/15-22:06:58,21
11/22/15-22:07:13,20
11/22/15-22:07:29,23
11/22/15-22:07:44,18
11/22/15-22:07:59,20
11/22/15-22:08:14,20
11/22/15-22:08:29,17
11/22/15-22:08:45,23
11/22/15-22:09:00,17
11/22/15-22:09:15,17
11/22/15-22:09:30,21
11/22/15-22:09:45,20
11/22/15-22:10:00,20
11/22/15-22:10:16,29
11/22/15-22:10:31,27
11/22/15-22:10:46,26
11/22/15-22:11:01,27
11/22/15-22:11:16,29
11/22/15-22:11:31,20
11/22/15-22:11:47,26
11/22/15-22:12:02,27
11/22/15-22:12:17,23
11/22/15-22:12:32,17
11/22/15-22:12:47,15
11/22/15-22:13:02,19
11/22/15-22:13:17,20
11/22/15-22:13:33,23
11/22/15-22:13:48,20
11/22/15-22:14:03,16
11/22/15-22:14:18,29
11/22/15-22:14:33,19
11/22/15-22:14:48,25
11/22/15-22:15:04,19
11/22/15-22:15:19,28
11/22/15-22:15:34,29
11/22/15-22:15:49,16
11/22/15-22:16:05,26
11/22/15-22:16:20,19
11/22/15-22:16:35,20
11/22/15-22:16:50,18
11/22/15-22:17:05,22
11/22/15-22:17:21,15
11/22/15-22:17:36,21
11/22/15-22:17:51,25
11/22/15-22:18:06,17
11/22/15-22:18:21,27
11/22/15-22:18:36,19
11/22/15-22:18:51,23
11/22/15-22:19:07,21
11/22/15-22:19:22,21
11/22/15-22:19:37,26
11/22/15-22:19:52,26
11/22/15-22:20:07,16
11/22/15-22:20:23,28
11/22/15-22:20:38,21
11/22/15-22:20:53,26
11/22/15-22:21:08,15
11/22/15-22:21:23,15
11/22/15-22:21:38,25
11/22/15-22:21:54,23
11/22/15-22:22:09,18
11/22/15-22:22:24,17
11/22/15-22:22:39,25
11/22/15-22:22:54,16
11/22/15-22:23:10,23
11/22/15-22:23:25,19
11/22/15-22:23:40,28
11/22/15-22:23:55,22
11/22/15-22:24:10,22
11/22/15-22:24:26,20
11/22/15-22:24:41,26
11/22/15-22:24:56,22
11/22/15-22:25:11,26
11/22/15-22:25:27,26
11/22/15-22:25:42,25
11/22/15-22:25:57,24
11/22/15-22:26:12,26
11/22/15-22:26:27,22
11/22/15-22:26:42,16
11/22/15-22:26:57,28
11/22/15-22:27:13,24
11/22/15-22:27:28,18
11/22/15-22:27:43,16
11/22/15-22:27:58,21
11/22/15-22:28:13,20
11/22/15-22:28:29,25
11/22/15-22:28:44,16
11/22/15-22:28:59,20
11/22/15-22:29:14,18
11/22/15-22:29:29,16
11/22/15-22:29:44,15
11/22/15-22:29:59,21
11/22/15-22:30:15,19
11/22/15-22:30:30,20
11/22/15-22:30:45,27
11/22/15-22:31:00,21
11/22/15-22:31:15,23
11/22/15-22:31:31,20
11/22/15-22:31:46,19
11/22/15-22:32:01,17
11/22/15-22:32:16,24
11/22/15-22:32:31,26
11/22/15-22:32:46,16
11/22/15-22:33:02,21
11/22/15-22:33:17,16
11/22/15-22:33:32,27
11/22/15-22:33:47,20
11/22/15-22:34:02,19
11/22/15-22:34:18,21
11/22/15-22:34:33,15
11/22/15-22:34:48,23
11/22/15-22:35:03,21
11/22/15-22:35:18,29
11/22/15-22:35:34,28
11/22/15-22:35:49,28
11/22/15-22:36:04,19
11/22/15-22:36:19,25
11/22/15-22:36:34,17
11/22/15-22:36:50,24
11/22/15-22:37:05,23
11/22/15-22:37:20,19
11/22/15-22:37:35,15
11/22/15-22:37:50,18
11/22/15-22:38:05,28
11/22/15-22:38:21,29
11/22/15-22:38:36,24
11/22/15-22:38:51,17
11/22/15-22:39:06,15
11/22/15-22:39:21,19
11/22/15-22:39:36,25
11/22/15-22:39:52,26
11/22/15-22:40:07,15
11/22/15-22:40:22,18
11/22/15-22:40:37,23
11/22/15-22:40:52,15
11/22/15-22:41:08,16
11/22/15-22:41:23,27
11/22/15-22:41:38,24
11/22/15-22:41:53,16
11/22/15-22:42:08,22
11/22/15-22:42:23,15
11/22/15-22:42:39,25
11/22/15-22:42:54,15
11/22/15-22:43:09,15
11/22/15-22:43:24,17
11/22/15-22:43:39,20
11/22/15-22:43:54,27
11/22/15-22:44:09,17
11/22/15-22:44:25,19
11/22/15-22:44:40,27
11/22/15-22:44:55,15
11/22/15-22:45:10,18
11/22/15-22:45:25,19
11/22/15-22:45:40,24
11/22/15-22:45:55,19
11/22/15-22:46:11,19
11/22/15-22:46:26,21
11/22/15-22:46:41,20
11/22/15-22:46:56,29
11/22/15-22:47:11,28
11/22/15-22:47:26,23
11/22/15-22:47:42,15
11/22/15-22:47:57,24
11/22/15-22:48:12,20
11/22/15-22:48:27,22
11/22/15-22:48:42,26
11/22/15-22:48:57,23
11/22/15-22:49:12,23
11/22/15-22:49:28,23
11/22/15-22:49:43,26
11/22/15-22:49:58,16
11/22/15-22:50:13,29
11/22/15-22:50:28,16
11/22/15-22:50:43,17
11/22/15-22:50:58,28
11/22/15-22:51:14,19
11/22/15-22:51:29,27
11/22/15-22:51:44,15
11/22/15-22:51:59,15
11/22/15-22:52:14,17
11/22/15-22:52:29,29
11/22/15-22:52:44,24
11/22/15-22:53:00,29
11/22/15-22:53:15,24
11/22/15-22:53:30,27
11/22/15-22:53:45,19
11/22/15-22:54:00,20
11/22/15-22:54:16,20
11/22/15-22:54:31,21
11/22/15-22:54:46,21
11/22/15-22:55:01,25
11/22/15-22:55:16,29
11/22/15-22:55:31,26
11/22/15-22:55:46,18
11/22/15-22:56:02,28
11/22/15-22:56:17,28
11/22/15-22:56:32,29
11/22/15-22:56:47,29
11/22/15-22:57:02,18
11/22/15-22:57:17,29
11/22/15-22:57:33,25
11/22/15-22:57:48,26
11/22/15-22:58:03,17
11/22/15-22:58:18,29
11/22/15-22:58:33,25
11/22/15-22:58:49,26
11/22/15-22:59:04,19
11/22/15-22:59:19,21
11/22/15-22:59:34,20
11/22/15-22:59:49,28
11/22/15-23:00:04,17
11/22/15-23:00:20,27
11/22/15-23:00:35,16
11/22/15-23:00:50,19
11/22/15-23:01:05,17
11/22/15-23:01:20,22
11/22/15-23:01:36,25
11/22/15-23:01:51,29
11/22/15-23:02:06,25
11/22/15-23:02:21,22
11/22/15-23:02:36,27
11/22/15-23:02:52,19
11/22/15-23:03:07,27
11/22/15-23:03:22,21
11/22/15-23:03:37,23
11/22/15-23:03:52,22
11/22/15-23:04:07,29
11/22/15-23:04:22,24
11/22/15-23:04:38,23
11/22/15-23:04:53,23
11/22/15-23:05:08,17
11/22/15-23:05:23,21
11/22/15-23:05:38,17
11/22/15-23:05:54,16
11/22/15-23:06:09,21
11/22/15-23:06:24,22
11/22/15-23:06:39,26
11/22/15-23:06:54,25
11/22/15-23:07:09,25
11/22/15-23:07:24,24
11/22/15-23:07:39,25
11/22/15-23:07:55,16
11/22/15-23:08:10,27
11/22/15-23:08:25,28
11/22/15-23:08:40,17
11/22/15-23:08:55,17
11/22/15-23:09:10,19
11/22/15-23:09:25,16
11/22/15-23:09:41,23
11/22/15-23:09:56,17
11/22/15-23:10:11,16
11/22/15-23:10:26,25
11/22/15-23:10:41,23
11/22/15-23:10:57,29
11/22/15-23:11:12,29
11/22/15-23:11:27,19
11/22/15-23:11:42,16
11/22/15-23:11:57,20
11/22/15-23:12:13,16
11/22/15-23:12:28,18
11/22/15-23:12:43,27
11/22/15-23:12:58,16
11/22/15-23:13:13,24
11/22/15-23:13:29,20
11/22/15-23:13:44,25
11/22/15-23:13:59,18
11/22/15-23:14:14,29
11/22/15-23:14:29,25
11/22/15-23:14:44,18
11/22/15-23:15:00,26
11/22/15-23:15:15,16
11/22/15-23:15:30,22
11/22/15-23:15:45,26
11/22/15-23:16:00,19
11/22/15-23:16:15,16
11/22/15-23:16:30,29
11/22/15-23:16:45,20
11/22/15-23:17:01,16
11/22/15-23:17:16,26
11/22/15-23:17:31,17
11/22/15-23:17:46,18
11/22/15-23:18:01,28
11/22/15-23:18:16,27
11/22/15-23:18:31,15
11/22/15-23:18:47,23
11/22/15-23:19:02,21
11/22/15-23:19:17,29
11/22/15-23:19:32,21
11/22/15-23:19:47,29
11/22/15-23:20:02,26
11/22/15-23:20:18,19
11/22/15-23:20:33,21
11/22/15-23:20:48,16
04/04/15-19:16:32,19
11/28/15-09:26:36,23
11/28/15-09:26:51,23
11/28/15-09:27:06,25
11/28/15-09:27:21,17
11/28/15-09:27:36,24
11/28/15-09:27:51,23
11/28/15-09:28:06,23
11/28/15-09:28:22,19
11/28/15-09:28:37,15
11/28/15-09:28:52,20
11/28/15-09:29:07,27
11/28/15-09:29:22,17
11/28/15-09:29:37,27
11/28/15-09:29:52,23
11/28/15-09:30:07,22
11/28/15-09:30:22,19
11/28/15-09:30:38,25
11/28/15-09:30:53,22
11/28/15-09:31:08,18
11/28/15-09:31:23,19
11/28/15-09:31:38,24
11/28/15-09:31:53,17
11/28/15-09:32:09,25
11/28/15-09:32:24,18
11/28/15-09:32:39,24
11/28/15-09:32:54,18
11/28/15-09:33:09,26
11/28/15-09:33:25,25
11/28/15-09:33:40,22
11/28/15-09:33:55,26
11/28/15-09:34:10,17
11/28/15-09:34:25,22
11/28/15-09:34:41,20
11/28/15-09:34:56,18
11/28/15-09:35:11,19
11/28/15-09:35:26,19
11/28/15-09:35:41,24
11/28/15-09:35:56,21
11/28/15-09:36:11,22
11/28/15-09:36:26,17
11/28/15-09:36:42,28
11/28/15-09:36:57,21
11/28/15-09:37:12,20
11/28/15-09:37:27,20
11/28/15-09:37:42,23
11/28/15-09:37:58,16
11/28/15-09:38:13,24
11/28/15-09:38:28,22
11/28/15-09:38:43,26
11/28/15-09:38:58,23
11/28/15-09:39:13,28
11/28/15-09:39:28,19
11/28/15-09:39:44,28
11/28/15-09:39:59,20
11/28/15-09:40:14,24
11/28/15-09:40:29,26
11/28/15-09:40:44,15
11/28/15-09:40:59,28
11/28/15-09:41:15,22
11/28/15-09:41:30,16
11/28/15-09:41:45,24
11/28/15-09:42:00,29
11/28/15-09:42:15,26
11/28/15-09:42:30,28
11/28/15-09:42:45,27
11/28/15-09:43:00,18
11/28/15-09:43:16,18
11/28/15-09:43:31,28
11/28/15-09:43:46,28
11/28/15-09:44:01,16
11/28/15-09:44:16,25
11/28/15-09:44:31,28
11/28/15-09:44:46,15
11/28/15-09:45:01,19
11/28/15-09:45:16,23
11/28/15-09:45:32,21
11/28/15-09:45:47,20
11/28/15-09:46:02,29
11/28/15-09:46:17,15
11/28/15-09:46:32,19
11/28/15-09:46:47,24
11/28/15-09:47:02,16
11/28/15-09:47:17,17
11/28/15-09:47:32,20
11/28/15-09:47:47,15
11/28/15-09:48:03,29
11/28/15-09:48:18,21
11/28/15-09:48:33,18
11/28/15-09:48:48,18
11/28/15-09:49:03,23
11/28/15-09:49:18,20
11/28/15-09:49:33,22
11/28/15-09:49:48,27
11/28/15-09:50:03,26
11/28/15-09:50:19,16
11/28/15-09:50:34,27
11/28/15-09:50:49,23
11/28/15-09:51:04,24
11/28/15-09:51:19,21
11/28/15-09:51:34,27
11/28/15-09:51:49,26
11/28/15-09:52:04,23
11/28/15-09:52:20,17
11/28/15-09:52:35,23
11/28/15-09:52:50,22
11/28/15-09:53:05,27
11/28/15-09:53:20,24
11/28/15-09:53:36,24
11/28/15-09:53:51,29
11/28/15-09:54:06,26
11/28/15-09:54:21,20
11/28/15-09:54:36,15
11/28/15-09:54:51,15
11/28/15-09:55:06,23
11/28/15-09:55:21,22
11/28/15-09:55:37,19
11/28/15-09:55:52,23
11/28/15-09:56:07,17
11/28/15-09:56:22,15
11/28/15-09:56:37,22
11/28/15-09:56:52,24
11/28/15-09:57:08,28
11/28/15-09:57:23,25
11/28/15-09:57:38,18
11/28/15-09:57:53,23
11/28/15-09:58:08,25
11/28/15-09:58:23,16
11/28/15-09:58:38,27
11/28/15-09:58:54,22
11/28/15-09:59:09,25
11/28/15-09:59:24,22
11/28/15-09:59:39,22
11/28/15-09:59:54,22
11/28/15-10:00:09,21
11/28/15-10:00:25,15
11/28/15-10:00:40,22
11/28/15-10:00:55,21
11/28/15-10:01:10,26
11/28/15-10:01:25,20
11/28/15-10:01:40,21
11/28/15-10:01:56,23
11/28/15-10:02:11,27
11/28/15-10:02:26,16
11/28/15-10:02:41,20
11/28/15-10:02:56,20
11/28/15-10:03:11,19
11/28/15-10:03:27,20
11/28/15-10:03:42,16
11/28/15-10:03:57,17
11/28/15-10:04:12,28
11/28/15-10:04:27,15
11/28/15-10:04:43,24
11/28/15-10:04:58,24
11/28/15-10:05:13,23
11/28/15-10:05:28,19
11/28/15-10:05:43,20
11/28/15-10:05:59,25
11/28/15-10:06:14,21
11/28/15-10:06:29,18
11/28/15-10:06:44,26
11/28/15-10:06:59,23
11/28/15-10:07:15,20
11/28/15-10:07:30,18
11/28/15-10:07:45,19
11/28/15-10:08:00,15
11/28/15-10:08:15,29
11/28/15-10:08:30,16
11/28/15-10:08:46,19
11/28/15-10:09:01,26
11/28/15-10:09:16,24
11/28/15-10:09:31,28
11/28/15-10:09:46,18
11/28/15-10:10:01,19
11/28/15-10:10:16,25
11/28/15-10:10:32,20
11/28/15-10:10:47,24
11/28/15-10:11:02,28
11/28/15-10:11:17,27
11/28/15-10:11:32,25
11/28/15-10:11:47,22
11/28/15-10:12:02,17
11/28/15-10:12:18,24
11/28/15-10:12:33,17
11/28/15-10:12:48,15
11/28/15-10:13:03,16
11/28/15-10:13:18,25
11/28/15-10:13:33,28
11/28/15-10:13:49,25
11/28/15-10:14:04,29
11/28/15-10:14:19,23
11/28/15-10:14:34,25
11/28/15-10:14:49,15
11/28/15-10:15:04,15
11/28/15-10:15:20,29
11/28/15-10:15:35,22
11/28/15-10:15:50,26
11/28/15-10:16:05,24
11/28/15-10:16:20,27
11/28/15-10:16:35,24
11/28/15-10:16:50,25
11/28/15-10:17:06,23
11/28/15-10:17:21,26
11/28/15-10:17:36,27
11/28/15-10:17:51,15
11/28/15-10:18:06,16
11/28/15-10:18:21,23
11/28/15-10:18:36,29
11/28/15-10:18:52,22
11/28/15-10:19:07,18
11/28/15-10:19:22,22
11/28/15-10:19:37,20
11/28/15-10:19:52,20
11/28/15-10:20:07,17
11/28/15-10:20:23,21
11/28/15-10:20:38,18
11/28/15-10:20:53,22
11/28/15-10:21:08,16
11/28/15-10:21:23,15
11/28/15-10:21:38,25
11/28/15-10:21:54,23
11/28/15-10:22:09,20
11/28/15-10:22:24,21
11/28/15-10:22:39,27
11/28/15-10:22:54,19
11/28/15-10:23:09,19
11/28/15-10:23:25,21
11/28/15-10:23:40,21
11/28/15-10:23:55,16
11/28/15-10:24:10,22
11/28/15-10:24:25,20
11/28/15-10:24:41,29
11/28/15-10:24:56,19
11/28/15-10:25:11,20
11/28/15-10:25:26,24
11/28/15-10:25:41,22
11/28/15-10:25:56,15
11/28/15-10:26:11,28
11/28/15-10:26:27,29
11/28/15-10:26:42,20
11/28/15-10:26:57,25
11/28/15-10:27:12,15
11/28/15-10:27:27,21
11/28/15-10:27:42,18
11/28/15-10:27:57,22
11/28/15-10:28:13,26
11/28/15-10:28:28,28
11/28/15-10:28:43,24
11/28/15-10:28:58,21
11/28/15-10:29:13,24
11/28/15-10:29:28,23
11/28/15-10:29:43,18
11/28/15-10:29:59,17
11/28/15-10:30:14,21
11/28/15-10:30:29,24
11/28/15-10:30:44,18
11/28/15-10:30:59,26
11/28/15-10:31:14,21
11/28/15-10:31:30,19
11/28/15-10:31:45,29
11/28/15-10:32:00,25
11/28/15-10:32:15,29
11/28/15-10:32:30,15
11/28/15-10:32:45,19
11/28/15-10:33:00,28
11/28/15-10:33:15,19
11/28/15-10:33:31,25
11/28/15-10:33:46,27
11/28/15-10:34:01,15
11/28/15-10:34:16,27
11/28/15-10:34:31,15
11/28/15-10:34:46,20
11/28/15-10:35:02,26
11/28/15-10:35:17,29
11/28/15-10:35:32,27
11/28/15-10:35:47,18
11/28/15-10:36:02,24
11/28/15-10:36:17,20
11/28/15-10:36:32,15
11/28/15-10:36:48,16
11/28/15-10:37:03,17
11/28/15-10:37:18,19
11/28/15-10:37:33,27
11/28/15-10:37:48,29
11/28/15-10:38:03,26
11/28/15-10:38:18,28
11/28/15-10:38:33,15
11/28/15-10:38:48,23
11/28/15-10:39:04,29
11/28/15-10:39:19,24
11/28/15-10:39:34,19
11/28/15-10:39:49,18
11/28/15-10:40:04,28
11/28/15-10:40:19,17
11/28/15-10:40:35,27
11/28/15-10:40:50,23
11/28/15-10:41:05,17
11/28/15-10:41:20,15
11/28/15-10:41:35,21
11/28/15-10:41:50,23
11/28/15-10:42:06,19
11/28/15-10:42:21,25
11/28/15-10:42:36,26
11/28/15-10:42:51,15
11/28/15-10:43:06,24
11/28/15-10:43:21,20
11/28/15-10:43:36,15
11/28/15-10:43:52,16
11/28/15-10:44:07,23
11/28/15-10:44:22,15
11/28/15-10:44:37,18
11/28/15-10:44:52,17
11/28/15-10:45:07,26
11/28/15-10:45:23,23
11/28/15-10:45:38,21
11/28/15-10:45:53,17
11/28/15-10:46:08,16
11/28/15-10:46:23,23
11/28/15-10:46:38,24
11/28/15-10:46:53,24
11/28/15-10:47:08,27
11/28/15-10:47:23,23
11/28/15-10:47:39,26
11/28/15-10:47:54,25
11/28/15-10:48:09,22
11/28/15-10:48:24,28
11/28/15-10:48:39,17
11/28/15-10:48:54,21
11/28/15-10:49:09,23
11/28/15-10:49:24,24
11/28/15-10:49:39,18
11/28/15-10:49:55,27
11/28/15-10:50:10,19
11/28/15-10:50:25,18
11/28/15-10:50:40,15
11/28/15-10:50:55,19
11/28/15-10:51:10,20
11/28/15-10:51:25,25
11/28/15-10:51:40,27
11/28/15-10:51:55,20
11/28/15-10:52:11,25
11/28/15-10:52:26,15
11/28/15-10:52:41,21
11/28/15-10:52:56,22
11/28/15-10:53:11,23
11/28/15-10:53:26,15
11/28/15-10:53:41,16
11/28/15-10:53:57,25
11/28/15-10:54:12,27
11/28/15-10:54:27,23
11/28/15-10:54:42,29
11/28/15-10:54:57,23
11/28/15-10:55:12,20
11/28/15-10:55:27,24
11/28/15-10:55:42,28
11/28/15-10:55:58,27
11/28/15-10:56:13,15
11/28/15-10:56:28,24
11/28/15-10:56:43,25
11/28/15-10:56:58,23
11/28/15-10:57:13,27
11/28/15-10:57:28,22
11/28/15-10:57:43,28
11/28/15-10:57:59,19
11/28/15-10:58:14,27
11/28/15-10:58:29,27
11/28/15-10:58:44,29
11/28/15-10:58:59,15
11/28/15-10:59:14,18
11/28/15-10:59:29,18
11/28/15-10:59:44,18
11/28/15-10:59:59,18
11/28/15-11:00:15,25
11/28/15-11:00:30,23
11/28/15-11:00:45,19
11/28/15-11:01:00,21
11/28/15-11:01:15,20
11/28/15-11:01:30,29
11/28/15-11:01:45,27
11/28/15-11:02:00,18
11/28/15-11:02:16,28
11/28/15-11:02:31,27
11/28/15-11:02:46,25
11/28/15-11:03:01,15
11/28/15-11:03:16,21
11/28/15-11:03:31,25
11/28/15-11:03:46,28
11/28/15-11:04:01,20
11/28/15-11:04:17,25
11/28/15-11:04:32,18
11/28/15-11:04:47,23
11/28/15-11:05:02,23
11/28/15-11:05:17,26
11/28/15-11:05:32,25
11/28/15-11:05:47,19
11/28/15-11:06:02,20
11/28/15-11:06:18,19
11/28/15-11:06:33,17
11/28/15-11:06:48,19
11/28/15-11:07:03,19
11/28/15-11:07:18,22
11/28/15-11:07:33,29
11/28/15-11:07:48,26
11/28/15-11:08:03,15
11/28/15-11:08:19,19
11/28/15-11:08:34,28
11/28/15-11:08:49,25
11/28/15-11:09:04,15
11/28/15-11:09:19,28
11/28/15-11:09:34,20
11/28/15-11:09:49,16
11/28/15-11:10:04,24
11/28/15-11:10:19,23
11/28/15-11:10:35,21
11/28/15-11:10:50,29
11/28/15-11:11:05,15
11/28/15-11:11:20,16
11/28/15-11:11:35,26
11/28/15-11:11:50,24
11/28/15-11:12:05,24
11/28/15-11:12:20,23
11/28/15-11:12:35,21
11/28/15-11:12:51,21
11/28/15-11:13:06,24
11/28/15-11:13:21,20
11/28/15-11:13:36,23
11/28/15-11:13:51,21
11/28/15-11:14:06,20
11/28/15-11:14:22,23
11/28/15-11:14:37,21
11/28/15-11:14:52,21
11/28/15-11:15:07,20
11/28/15-11:15:22,15
11/28/15-11:15:37,28
11/28/15-11:15:52,29
11/28/15-11:16:07,29
11/28/15-11:16:22,18
11/28/15-11:16:38,20
11/28/15-11:16:53,20
11/28/15-11:17:08,17
11/28/15-11:17:23,18
11/28/15-11:17:38,28
11/28/15-11:17:53,17
11/28/15-11:18:08,28
11/28/15-11:18:23,15
11/28/15-11:18:39,24
11/28/15-11:18:54,15
11/28/15-11:19:09,22
11/28/15-11:19:24,16
11/28/15-11:19:39,15
11/28/15-11:19:54,21
11/28/15-11:20:09,20
11/28/15-11:20:24,23
11/28/15-11:20:39,18
11/28/15-11:20:54,20
11/28/15-11:21:10,20
11/28/15-11:21:25,17
11/28/15-11:21:40,23
11/28/15-11:21:55,17
11/28/15-11:22:10,17
11/28/15-11:22:25,21
11/28/15-11:22:41,20
11/28/15-11:22:56,20
11/28/15-11:23:11,29
11/28/15-11:23:26,27
11/28/15-11:23:41,26
11/28/15-11:23:56,27
11/28/15-11:24:12,29
11/28/15-11:24:27,20
11/28/15-11:24:42,26
11/28/15-11:24:57,27
11/28/15-11:25:12,23
11/28/15-11:25:27,17
11/28/15-11:25:42,15
11/28/15-11:25:57,19
11/28/15-11:26:13,20
11/28/15-11:26:28,23
11/28/15-11:26:43,20
11/28/15-11:26:58,16
11/28/15-11:27:13,29
11/28/15-11:27:28,19
11/28/15-11:27:43,25
11/28/15-11:27:59,19
11/28/15-11:28:14,28
11/28/15-11:28:29,29
11/28/15-11:28:44,16
11/28/15-11:28:59,26
11/28/15-11:29:14,19
11/28/15-11:29:29,20
11/28/15-11:29:44,18
11/28/15-11:30:00,22
11/28/15-11:30:15,15
11/28/15-11:30:30,21
11/28/15-11:30:45,25
11/28/15-11:31:00,17
11/28/15-11:31:15,27
11/28/15-11:31:30,19
11/28/15-11:31:46,23
11/28/15-11:32:01,21
11/28/15-11:32:16,21
11/28/15-11:32:31,26
11/28/15-11:32:46,26
11/28/15-11:33:01,16
11/28/15-11:33:16,28
11/28/15-11:33:31,21
11/28/15-11:33:47,26
11/28/15-11:34:02,15
11/28/15-11:34:17,15
11/28/15-11:34:32,25
11/28/15-11:34:47,23
11/28/15-11:35:02,18
11/28/15-11:35:17,17
11/28/15-11:35:32,25
11/28/15-11:35:47,16
11/28/15-11:36:03,23
11/28/15-11:36:18,19
11/28/15-11:36:33,28
11/28/15-11:36:48,22
11/28/15-11:37:03,22
11/28/15-11:37:18,20
11/28/15-11:37:33,26
11/28/15-11:37:48,22
11/28/15-11:38:03,26
11/28/15-11:38:19,26
11/28/15-11:38:34,25
11/28/15-11:38:49,24
11/28/15-11:39:04,26
11/28/15-11:39:19,22
11/28/15-11:39:34,16
11/28/15-11:39:49,28
11/28/15-11:40:04,24
11/28/15-11:40:20,18
11/28/15-11:40:35,16
11/28/15-11:40:50,21
11/28/15-11:41:05,20
11/28/15-11:41:20,25
11/28/15-11:41:35,16
11/28/15-11:41:51,20
11/28/15-11:42:06,18
11/28/15-11:42:21,16
11/28/15-11:42:36,15
11/28/15-11:42:51,21
11/28/15-11:43:06,19
11/28/15-11:43:22,20
11/28/15-11:43:37,27
11/28/15-11:43:52,21
11/28/15-11:44:07,23
11/28/15-11:44:22,20
11/28/15-11:44:37,19
11/28/15-11:44:52,17
11/28/15-11:45:07,24
11/28/15-11:45:22,26
11/28/15-11:45:38,16
11/28/15-11:45:53,21
11/28/15-11:46:08,16
11/28/15-11:46:23,27
11/28/15-11:46:38,20
11/28/15-11:46:53,19
11/28/15-11:47:08,21
11/28/15-11:47:23,15
11/28/15-11:47:39,23
11/28/15-11:47:54,21
11/28/15-11:48:09,29
11/28/15-11:48:24,28
11/28/15-11:48:39,28
11/28/15-11:48:54,19
11/28/15-11:49:09,25
11/28/15-11:49:24,17
11/28/15-11:49:40,24
11/28/15-11:49:55,23
11/28/15-11:50:10,19
11/28/15-11:50:25,15
11/28/15-11:50:40,18
11/28/15-11:50:55,28
11/28/15-11:51:11,29
11/28/15-11:51:26,24
11/28/15-11:51:41,17
11/28/15-11:51:56,15
11/28/15-11:52:11,19
11/28/15-11:52:26,25
11/28/15-11:52:41,26
11/28/15-11:52:57,15
11/28/15-11:53:12,18
11/28/15-11:53:27,23
11/28/15-11:53:42,15
11/28/15-11:53:57,16
11/28/15-11:54:12,27
11/28/15-11:54:28,24
11/28/15-11:54:43,16
11/28/15-11:54:58,22
11/28/15-11:55:13,15
11/28/15-11:55:28,25
11/28/15-11:55:43,15
11/28/15-11:55:58,15
11/28/15-11:56:13,17
11/28/15-11:56:29,20
11/28/15-11:56:44,27
11/28/15-11:56:59,17
11/28/15-11:57:14,19
11/28/15-11:57:29,27
11/28/15-11:57:44,15
11/28/15-11:57:59,18
11/28/15-11:58:14,19
11/28/15-11:58:29,24
11/28/15-11:58:45,19
11/28/15-11:59:00,19
11/28/15-11:59:15,21
11/28/15-11:59:30,20
11/28/15-11:59:45,29
11/28/15-12:00:00,28
11/28/15-12:00:15,23
11/28/15-12:00:31,15
11/28/15-12:00:46,24
11/28/15-12:01:01,20
11/28/15-12:01:16,22
11/28/15-12:01:31,26
11/28/15-12:01:46,23
11/28/15-12:02:02,23
11/28/15-12:02:17,23
11/28/15-12:02:32,26
11/28/15-12:02:47,16
11/28/15-12:03:02,29
11/28/15-12:03:17,16
11/28/15-12:03:32,17
11/28/15-12:03:47,28
11/28/15-12:04:02,19
11/28/15-12:04:18,27
11/28/15-12:04:33,15
11/28/15-12:04:48,15
11/28/15-12:05:03,17
11/28/15-12:05:18,29
11/28/15-12:05:33,24
11/28/15-12:05:48,29
11/28/15-12:06:03,24
11/28/15-12:06:18,27
11/28/15-12:06:33,19
11/28/15-12:06:49,20
11/28/15-12:07:04,20
11/28/15-12:07:19,21
11/28/15-12:07:34,21
11/28/15-12:07:49,25
11/28/15-12:08:04,29
11/28/15-12:08:19,26
11/28/15-12:08:34,18
11/28/15-12:08:50,28
11/28/15-12:09:05,28
11/28/15-12:09:20,29
11/28/15-12:09:35,29
11/28/15-12:09:50,18
11/28/15-12:10:05,29
11/28/15-12:10:21,25
11/28/15-12:10:36,26
11/28/15-12:10:51,17
11/28/15-12:11:06,29
11/28/15-12:11:21,25
11/28/15-12:11:36,26
11/28/15-12:11:51,19
11/28/15-12:12:06,21
11/28/15-12:12:22,20
11/28/15-12:12:37,28
11/28/15-12:12:52,17
11/28/15-12:13:07,27
11/28/15-12:13:22,16
11/28/15-12:13:37,19
11/28/15-12:13:53,17
11/28/15-12:14:08,22
11/28/15-12:14:23,25
11/28/15-12:14:38,29
11/28/15-12:14:53,25
11/28/15-12:15:09,22
11/28/15-12:15:24,27
11/28/15-12:15:39,19
11/28/15-12:15:54,27
11/28/15-12:16:09,21
11/28/15-12:16:25,23
11/28/15-12:16:40,22
11/28/15-12:16:55,29
11/28/15-12:17:10,24
11/28/15-12:17:25,23
11/28/15-12:17:40,23
11/28/15-12:17:55,17
11/28/15-12:18:10,21
11/28/15-12:18:26,17
11/28/15-12:18:41,16
11/28/15-12:18:56,21
11/28/15-12:19:11,22
11/28/15-12:19:26,26
11/28/15-12:19:41,25
11/28/15-12:19:57,25
11/28/15-12:20:12,24
11/28/15-12:20:27,25
11/28/15-12:20:42,16
11/28/15-12:20:57,27
11/28/15-12:21:12,28
11/28/15-12:21:28,17
11/28/15-12:21:43,17
11/28/15-12:21:58,19
11/28/15-12:22:13,16
11/28/15-12:22:28,23
11/28/15-12:22:43,17
11/28/15-12:22:58,16
11/28/15-12:23:14,25
11/28/15-12:23:29,23
11/28/15-12:23:44,29
11/28/15-12:23:59,29
11/28/15-12:24:14,19
11/28/15-12:24:29,16
11/28/15-12:24:44,20
11/28/15-12:24:59,16
11/28/15-12:25:15,18
11/28/15-12:25:30,27
11/28/15-12:25:45,16
11/28/15-12:26:00,24
11/28/15-12:26:15,20
11/28/15-12:26:30,25
11/28/15-12:26:45,18
11/28/15-12:27:01,29
11/28/15-12:27:16,25
11/28/15-12:27:31,18
11/28/15-12:27:46,26
11/28/15-12:28:01,16
11/28/15-12:28:17,22
11/28/15-12:28:32,26
11/28/15-12:28:47,19
11/28/15-12:29:02,16
11/28/15-12:29:17,29
11/28/15-12:29:32,20
11/28/15-12:29:47,16
11/28/15-12:30:03,26
11/28/15-12:30:18,17
11/28/15-12:30:33,18
11/28/15-12:30:48,28
11/28/15-12:31:03,27
11/28/15-12:31:18,15
11/28/15-12:31:33,23
11/28/15-12:31:48,21
11/28/15-12:32:04,29
11/28/15-12:32:19,21
11/28/15-12:32:34,29
11/28/15-12:32:49,26
11/28/15-12:33:04,19
11/28/15-12:33:20,21
11/28/15-12:33:35,16
11/28/15-12:33:50,15
11/28/15-12:34:05,22
11/28/15-12:34:20,19
11/28/15-12:34:35,20
11/28/15-12:34:51,19
11/28/15-12:35:06,18
11/28/15-12:35:21,21
11/28/15-12:35:36,22
11/28/15-12:35:51,24
11/28/15-12:36:06,29
11/28/15-12:36:21,17
11/28/15-12:36:36,25
11/28/15-12:36:52,26
11/28/15-12:37:07,16
11/28/15-12:37:22,20
11/28/15-12:37:37,17
11/28/15-12:37:52,22
11/28/15-12:38:07,27
11/28/15-12:38:22,29
11/28/15-12:38:38,19
11/28/15-12:38:53,27
11/28/15-12:39:08,27
11/28/15-12:39:23,17
11/28/15-12:39:38,20
11/28/15-12:39:53,19
11/28/15-12:40:09,15
11/28/15-12:40:24,27
11/28/15-12:40:39,26
11/28/15-12:40:54,26
11/28/15-12:41:09,15
11/28/15-12:41:24,29
11/28/15-12:41:39,17
11/28/15-12:41:54,19
11/28/15-12:42:10,26
11/28/15-12:42:25,25
11/28/15-12:42:40,22
11/28/15-12:42:55,18
11/28/15-12:43:10,19
11/28/15-12:43:26,19
11/28/15-12:43:41,18
11/28/15-12:43:56,15
11/28/15-12:44:11,26
11/28/15-12:44:26,20
11/28/15-12:44:41,21
11/28/15-12:44:57,21
11/28/15-12:45:12,26
11/28/15-12:45:27,15
11/28/15-12:45:42,26
11/28/15-12:45:57,27
11/28/15-12:46:12,20
11/28/15-12:46:27,18
11/28/15-12:46:43,15
11/28/15-12:46:58,28
11/28/15-12:47:13,22
11/28/15-12:47:28,29
11/28/15-12:47:43,26
11/28/15-12:47:58,18
11/28/15-12:48:13,21
11/28/15-12:48:29,20
11/28/15-12:48:44,23
11/28/15-12:48:59,15
11/28/15-12:49:14,24
11/28/15-12:49:29,22
11/28/15-12:49:45,19
11/28/15-12:50:00,18
11/28/15-12:50:15,28
11/28/15-12:50:30,24
11/28/15-12:50:45,15
11/28/15-12:51:00,20
11/28/15-12:51:16,15
11/28/15-12:51:31,29
11/28/15-12:51:46,29
11/28/15-12:52:01,18
11/28/15-12:52:16,18
11/28/15-12:52:32,17
11/28/15-12:52:47,22
11/28/15-12:53:02,16
11/28/15-12:53:17,19
11/28/15-12:53:32,20
11/28/15-12:53:47,25
11/28/15-12:54:02,15
11/28/15-12:54:18,18
11/28/15-12:54:33,21
11/28/15-12:54:48,27
11/28/15-12:55:03,16
11/28/15-12:55:18,17
11/28/15-12:55:33,21
11/28/15-12:55:49,19
11/28/15-12:56:04,28
11/28/15-12:56:19,21
11/28/15-12:56:34,23
11/28/15-12:56:49,20
11/28/15-12:57:04,28
11/28/15-12:57:20,21
11/28/15-12:57:35,19
11/28/15-12:57:50,18
11/28/15-12:58:05,24
11/28/15-12:58:20,21
11/28/15-12:58:35,20
11/28/15-12:58:51,24
11/28/15-12:59:06,19
11/28/15-12:59:21,20
11/28/15-12:59:36,25
11/28/15-12:59:51,25
11/28/15-13:00:06,28
11/28/15-13:00:22,27
11/28/15-13:00:37,18
11/28/15-13:00:52,22
11/28/15-13:01:07,19
11/28/15-13:01:22,18
11/28/15-13:01:38,28
11/28/15-13:01:53,20
11/28/15-13:02:08,15
11/28/15-13:02:23,20
11/28/15-13:02:38,21
11/28/15-13:02:53,27
11/28/15-13:03:09,15
11/28/15-13:03:24,22
11/28/15-13:03:39,28
11/28/15-13:03:54,18
11/28/15-13:04:09,27
11/28/15-13:04:24,26
11/28/15-13:04:39,24
11/28/15-13:04:55,15
11/28/15-13:05:10,25
11/28/15-13:05:25,18
11/28/15-13:05:40,22
11/28/15-13:05:55,18
11/28/15-13:06:11,28
11/28/15-13:06:26,24
11/28/15-13:06:41,25
11/28/15-13:06:56,17
11/28/15-13:07:11,29
11/28/15-13:07:26,25
11/28/15-13:07:41,19
11/28/15-13:07:57,28
11/28/15-13:08:12,20
11/28/15-13:08:27,15
11/28/15-13:08:42,18
11/28/15-13:08:57,15
11/28/15-13:09:12,20
11/28/15-13:09:28,19
11/28/15-13:09:43,15
11/28/15-13:09:58,16
11/28/15-13:10:13,16
11/28/15-13:10:28,26
11/28/15-13:10:43,26
11/28/15-13:10:58,24
11/28/15-13:11:14,28
11/28/15-13:11:29,29
11/28/15-13:11:44,27
11/28/15-13:11:59,24
11/28/15-13:12:14,28
11/28/15-13:12:29,20
11/28/15-13:12:45,22
11/28/15-13:13:00,25
11/28/15-13:13:15,23
11/28/15-13:13:30,29
11/28/15-13:13:45,27
11/28/15-13:14:00,25
11/28/15-13:14:15,20
11/28/15-13:14:31,17
11/28/15-13:14:46,15
11/28/15-13:15:01,17
11/28/15-13:15:16,26
11/28/15-13:15:31,28
11/28/15-13:15:47,22
11/28/15-13:16:02,28
11/28/15-13:16:17,29
11/28/15-13:16:32,15
11/28/15-13:16:47,28
11/28/15-13:17:02,23
11/28/15-13:17:17,18
11/28/15-13:17:33,21
11/28/15-13:17:48,20
11/28/15-13:18:03,15
11/28/15-13:18:18,23
11/28/15-13:18:33,15
11/28/15-13:18:48,24
11/28/15-13:19:04,27
11/28/15-13:19:19,21
11/28/15-13:19:34,26
11/28/15-13:19:49,26
11/28/15-13:20:04,16
11/28/15-13:20:19,19
11/28/15-13:20:34,24
11/28/15-13:20:50,21
11/28/15-13:21:05,24
11/28/15-13:21:20,27
11/28/15-13:21:35,28
11/28/15-13:21:50,29
11/28/15-13:22:06,19
11/28/15-13:22:21,19
11/28/15-13:22:36,28
11/28/15-13:22:51,26
11/28/15-13:23:06,25
11/28/15-13:23:21,23
11/28/15-13:23:36,17
11/28/15-13:23:51,24
11/28/15-13:24:07,23
11/28/15-13:24:22,29
11/28/15-13:24:37,28
11/28/15-13:24:52,26
11/28/15-13:25:07,17
11/28/15-13:25:22,18
11/28/15-13:25:37,18
11/28/15-13:25:53,24
11/28/15-13:26:08,29
11/28/15-13:26:23,29
11/28/15-13:26:38,26
11/28/15-13:26:53,26
11/28/15-13:27:09,22
11/28/15-13:27:24,23
11/28/15-13:27:39,29
11/28/15-13:27:54,28
11/28/15-13:28:09,19
11/28/15-13:28:24,15
11/28/15-13:28:40,21
11/28/15-13:28:55,28
11/28/15-13:29:10,19
11/28/15-13:29:25,26
11/28/15-13:29:40,19
11/28/15-13:29:55,27
11/28/15-13:30:11,19
11/28/15-13:30:26,29
11/28/15-13:30:41,19
11/28/15-13:30:56,21
11/28/15-13:31:11,29
11/28/15-13:31:26,16
11/28/15-13:31:41,17
11/28/15-13:31:56,25
11/28/15-13:32:12,29
11/28/15-13:32:27,22
11/28/15-13:32:42,28
11/28/15-13:32:57,26
11/28/15-13:33:12,20
11/28/15-13:33:27,16
11/28/15-13:33:43,19
11/28/15-13:33:58,15
11/28/15-13:34:13,16
11/28/15-13:34:28,17
11/28/15-13:34:43,28
11/28/15-13:34:58,28
11/28/15-13:35:13,20
11/28/15-13:35:28,27
11/28/15-13:35:43,27
11/28/15-13:35:59,19
11/28/15-13:36:14,21
11/28/15-13:36:29,20
11/28/15-13:36:44,16
11/28/15-13:36:59,22
11/28/15-13:37:14,23
11/28/15-13:37:29,22
11/28/15-13:37:45,16
11/28/15-13:38:00,21
11/28/15-13:38:15,25
11/28/15-13:38:30,21
11/28/15-13:38:45,18
11/28/15-13:39:00,18
11/28/15-13:39:16,15
11/28/15-13:39:31,20
11/28/15-13:39:46,24
11/28/15-13:40:01,24
11/28/15-13:40:16,22
11/28/15-13:40:32,24
11/28/15-13:40:47,25
11/28/15-13:41:02,27
11/28/15-13:41:17,29
11/28/15-13:41:32,27
11/28/15-13:41:47,29
11/28/15-13:42:02,17
11/28/15-13:42:18,27
11/28/15-13:42:33,28
11/28/15-13:42:48,16
11/28/15-13:43:03,18
11/28/15-13:43:18,17
11/28/15-13:43:34,16
11/28/15-13:43:49,26
11/28/15-13:44:04,18
11/28/15-13:44:19,26
11/28/15-13:44:34,25
11/28/15-13:44:49,21
11/28/15-13:45:05,20
11/28/15-13:45:20,19
11/28/15-13:45:35,29
11/28/15-13:45:50,24
11/28/15-13:46:05,19
11/28/15-13:46:20,20
11/28/15-13:46:35,25
11/28/15-13:46:50,16
11/28/15-13:47:06,24
11/28/15-13:47:21,25
11/28/15-13:47:36,23
11/28/15-13:47:51,18
11/28/15-13:48:06,22
11/28/15-13:48:21,18
11/28/15-13:48:37,20
11/28/15-13:48:52,17
11/28/15-13:49:07,20
11/28/15-13:49:22,24
11/28/15-13:49:37,15
11/28/15-13:49:52,28
11/28/15-13:50:08,25
11/28/15-13:50:23,19
11/28/15-13:50:38,18
11/28/15-13:50:53,29
11/28/15-13:51:08,26
11/28/15-13:51:24,27
11/28/15-13:51:39,18
11/28/15-13:51:54,24
11/28/15-13:52:09,15
11/28/15-13:52:24,21
11/28/15-13:52:40,25
11/28/15-13:52:55,28
11/28/15-13:53:10,21
11/28/15-13:53:25,24
11/28/15-13:53:40,29
11/28/15-13:53:55,20
11/28/15-13:54:10,24
11/28/15-13:54:26,25
11/28/15-13:54:41,27
11/28/15-13:54:56,23
11/28/15-13:55:11,25
11/28/15-13:55:26,24
11/28/15-13:55:41,15
11/28/15-13:55:56,21
11/28/15-13:56:12,23
11/28/15-13:56:27,26
11/28/15-13:56:42,19
11/28/15-13:56:57,25
11/28/15-13:57:13,19
11/28/15-13:57:28,15
11/28/15-13:57:43,17
11/28/15-13:57:58,29
11/28/15-13:58:13,24
11/28/15-13:58:28,21
11/28/15-13:58:43,19
11/28/15-13:58:59,15
11/28/15-13:59:14,17
11/28/15-13:59:29,26
11/28/15-13:59:44,20
11/28/15-13:59:59,24
11/28/15-14:00:14,24
11/28/15-14:00:30,15
11/28/15-14:00:45,22
11/28/15-14:01:00,15
11/28/15-14:01:15,23
11/28/15-14:01:30,28
11/28/15-14:01:45,27
11/28/15-14:02:00,21
11/28/15-14:02:16,21
11/28/15-14:02:31,23
11/28/15-14:02:46,28
11/28/15-14:03:01,17
11/28/15-14:03:16,29
11/28/15-14:03:31,22
11/28/15-14:03:46,18
11/28/15-14:04:02,19
11/28/15-14:04:17,23
11/28/15-14:04:32,21
11/28/15-14:04:47,21
11/28/15-14:05:02,16
11/28/15-14:05:17,25
11/28/15-14:05:32,16
11/28/15-14:05:48,29
11/28/15-14:06:03,23
11/28/15-14:06:18,15
11/28/15-14:06:33,22
11/28/15-14:06:48,22
11/28/15-14:07:03,21
11/28/15-14:07:18,22
11/28/15-14:07:34,21
11/28/15-14:07:49,21
11/28/15-14:08:04,27
11/28/15-14:08:19,26
11/28/15-14:08:34,23
11/28/15-14:08:49,21
11/28/15-14:09:04,20
11/28/15-14:09:20,22
11/28/15-14:09:35,23
11/28/15-14:09:50,16
11/28/15-14:10:05,18
11/28/15-14:10:20,17
11/28/15-14:10:35,15
11/28/15-14:10:51,25
11/28/15-14:11:06,18
11/28/15-14:11:21,27
11/28/15-14:11:36,18
11/28/15-14:11:51,15
11/28/15-14:12:06,24
11/28/15-14:12:21,16
11/28/15-14:12:36,28
11/28/15-14:12:52,19
11/28/15-14:13:07,15
11/28/15-14:13:22,18
11/28/15-14:13:37,29
11/28/15-14:13:52,25
11/28/15-14:14:07,23
11/28/15-14:14:22,22
11/28/15-14:14:37,23
11/28/15-14:14:52,22
11/28/15-14:15:08,26
11/28/15-14:15:23,26
11/28/15-14:15:38,16
11/28/15-14:15:53,18
11/28/15-14:16:08,29
11/28/15-14:16:23,29
11/28/15-14:16:38,22
11/28/15-14:16:54,24
11/28/15-14:17:09,22
11/28/15-14:17:24,28
11/28/15-14:17:39,29
11/28/15-14:17:54,27
11/28/15-14:18:10,15
11/28/15-14:18:25,26
11/28/15-14:18:40,27
11/28/15-14:18:55,22
11/28/15-14:19:10,18
11/28/15-14:19:25,20
11/28/15-14:19:41,25
11/28/15-14:19:56,23
11/28/15-14:20:11,27
11/28/15-14:20:26,15
11/28/15-14:20:41,28
11/28/15-14:20:56,25
11/28/15-14:21:11,28
11/28/15-14:21:27,22
11/28/15-14:21:42,23
11/28/15-14:21:57,28
11/28/15-14:22:12,27
11/28/15-14:22:27,16
11/28/15-14:22:42,24
11/28/15-14:22:58,16
11/28/15-14:23:13,26
11/28/15-14:23:28,28
11/28/15-14:23:43,29
11/28/15-14:23:58,16
11/28/15-14:24:13,27
11/28/15-14:24:29,19
11/28/15-14:24:44,16
11/28/15-14:24:59,16
11/28/15-14:25:14,16
11/28/15-14:25:29,29
11/28/15-14:25:44,19
11/28/15-14:25:59,29
11/28/15-14:26:15,25
11/28/15-14:26:30,17
11/28/15-14:26:45,16
11/28/15-14:27:00,17
11/28/15-14:27:15,22
11/28/15-14:27:30,20
11/28/15-14:27:45,27
11/28/15-14:28:00,21
11/28/15-14:28:16,16
11/28/15-14:28:31,29
11/28/15-14:28:46,23
11/28/15-14:29:01,22
11/28/15-14:29:16,24
11/28/15-14:29:31,19
11/28/15-14:29:46,18
11/28/15-14:30:02,20
11/28/15-14:30:17,22
11/28/15-14:30:32,29
11/28/15-14:30:47,24
11/28/15-14:31:02,19
11/28/15-14:31:17,29
11/28/15-14:31:33,24
11/28/15-14:31:48,21
11/28/15-14:32:03,17
11/28/15-14:32:18,29
11/28/15-14:32:33,29
11/28/15-14:32:48,27
11/28/15-14:33:03,23
11/28/15-14:33:18,25
11/28/15-14:33:33,24
11/28/15-14:33:49,20
11/28/15-14:34:04,18
11/28/15-14:34:19,16
11/28/15-14:34:34,16
11/28/15-14:34:49,20
11/28/15-14:35:04,18
11/28/15-14:35:20,29
11/28/15-14:35:35,26
11/28/15-14:35:50,18
11/28/15-14:36:05,16
11/28/15-14:36:20,28
11/28/15-14:36:35,16
11/28/15-14:36:50,18
11/28/15-14:37:05,20
11/28/15-14:37:20,18
11/28/15-14:37:36,22
11/28/15-14:37:51,16
11/28/15-14:38:06,22
11/28/15-14:38:21,29
11/28/15-14:38:36,16
11/28/15-14:38:51,29
11/28/15-14:39:07,21
11/28/15-14:39:22,17
11/28/15-14:39:37,20
11/28/15-14:39:52,15
11/28/15-14:40:07,24
11/28/15-14:40:22,27
11/28/15-14:40:38,26
11/28/15-14:40:53,27
11/28/15-14:41:08,16
11/28/15-14:41:23,28
11/28/15-14:41:38,19
11/28/15-14:41:53,16
11/28/15-14:42:08,24
11/28/15-14:42:24,25
11/28/15-14:42:39,19
11/28/15-14:42:54,28
11/28/15-14:43:09,23
11/28/15-14:43:24,23
11/28/15-14:43:39,27
11/28/15-14:43:55,18
11/28/15-14:44:10,28
11/28/15-14:44:25,23
11/28/15-14:44:40,24
11/28/15-14:44:55,21
11/28/15-14:45:10,23
11/28/15-14:45:25,26
11/28/15-14:45:40,29
11/28/15-14:45:56,15
11/28/15-14:46:11,29
11/28/15-14:46:26,21
11/28/15-14:46:41,23
11/28/15-14:46:56,26
11/28/15-14:47:11,24
11/28/15-14:47:27,19
11/28/15-14:47:42,17
11/28/15-14:47:57,26
11/28/15-14:48:12,28
11/28/15-14:48:27,21
11/28/15-14:48:42,28
11/28/15-14:48:57,28
11/28/15-14:49:13,20
11/28/15-14:49:28,28
11/28/15-14:49:43,16
11/28/15-14:49:58,26
11/28/15-14:50:13,23
11/28/15-14:50:28,27
11/28/15-14:50:44,16
11/28/15-14:50:59,16
11/28/15-14:51:14,28
11/28/15-14:51:29,28
11/28/15-14:51:44,18
11/28/15-14:51:59,25
11/28/15-14:52:14,26
11/28/15-14:52:30,23
11/28/15-14:52:45,28
11/28/15-14:53:00,19
11/28/15-14:53:15,29
11/28/15-14:53:30,28
11/28/15-14:53:45,27
11/28/15-14:54:00,27
11/28/15-14:54:16,23
11/28/15-14:54:31,28
11/28/15-14:54:46,28
11/28/15-14:55:01,25
11/28/15-14:55:16,21
11/28/15-14:55:31,15
11/28/15-14:55:47,29
11/28/15-14:56:02,22
11/28/15-14:56:17,17
11/28/15-14:56:32,19
11/28/15-14:56:47,26
11/28/15-14:57:03,20
11/28/15-14:57:18,23
11/28/15-14:57:33,18
11/28/15-14:57:48,20
11/28/15-14:58:03,24
11/28/15-14:58:18,25
11/28/15-14:58:33,18
11/28/15-14:58:49,15
11/28/15-14:59:04,15
11/28/15-14:59:19,29
11/28/15-14:59:34,15
11/28/15-14:59:49,27
11/28/15-15:00:04,22
11/28/15-15:00:20,28
11/28/15-15:00:35,22
11/28/15-15:00:50,16
11/28/15-15:01:05,19
11/28/15-15:01:20,23
11/28/15-15:01:35,25
11/28/15-15:01:50,24
11/28/15-15:02:05,25
11/28/15-15:02:20,21
11/28/15-15:02:36,24
11/28/15-15:02:51,29
11/28/15-15:03:06,28
11/28/15-15:03:21,26
11/28/15-15:03:36,23
11/28/15-15:03:51,19
11/28/15-15:04:06,27
11/28/15-15:04:21,29
11/28/15-15:04:36,20
11/28/15-15:04:52,22
11/28/15-15:05:07,15
11/28/15-15:05:22,25
11/28/15-15:05:37,22
11/28/15-15:05:52,15
11/28/15-15:06:07,24
11/28/15-15:06:23,17
11/28/15-15:06:38,16
11/28/15-15:06:53,25
11/28/15-15:07:08,21
11/28/15-15:07:23,26
11/28/15-15:07:38,25
11/28/15-15:07:53,25
11/28/15-15:08:08,27
11/28/15-15:08:24,23
11/28/15-15:08:39,25
11/28/15-15:08:54,20
11/28/15-15:09:09,20
11/28/15-15:09:24,25
11/28/15-15:09:39,22
11/28/15-15:09:54,19
11/28/15-15:10:09,23
11/28/15-15:10:25,15
11/28/15-15:10:40,16
11/28/15-15:10:55,25
11/28/15-15:11:10,15
11/28/15-15:11:25,29
11/28/15-15:11:41,22
11/28/15-15:11:56,18
11/28/15-15:12:11,28
11/28/15-15:12:26,27
11/28/15-15:12:41,21
11/28/15-15:12:56,22
11/28/15-15:13:12,24
11/28/15-15:13:27,23
11/28/15-15:13:42,25
11/28/15-15:13:57,29
11/28/15-15:14:12,17
11/28/15-15:14:27,25
11/28/15-15:14:43,15
11/28/15-15:14:58,19
11/28/15-15:15:13,16
11/28/15-15:15:28,21
11/28/15-15:15:43,29
11/28/15-15:15:58,19
11/28/15-15:16:14,22
11/28/15-15:16:29,21
11/28/15-15:16:44,28
11/28/15-15:16:59,26
11/28/15-15:17:14,19
11/28/15-15:17:29,16
11/28/15-15:17:44,20
11/28/15-15:18:00,24
11/28/15-15:18:15,25
11/28/15-15:18:30,28
11/28/15-15:18:45,17
11/28/15-15:19:00,21
11/28/15-15:19:15,26
11/28/15-15:19:31,20
11/28/15-15:19:46,28
11/28/15-15:20:01,29
11/28/15-15:20:16,22
11/28/15-15:20:31,28
11/28/15-15:20:46,21
11/28/15-15:21:01,17
11/28/15-15:21:16,25
11/28/15-15:21:32,29
11/28/15-15:21:47,16
11/28/15-15:22:02,19
11/28/15-15:22:17,15
11/28/15-15:22:32,28
11/28/15-15:22:47,27
11/28/15-15:23:02,29
11/28/15-15:23:18,29
11/28/15-15:23:33,21
11/28/15-15:23:48,26
11/28/15-15:24:03,16
11/28/15-15:24:18,20
11/28/15-15:24:33,22
11/28/15-15:24:48,23
11/28/15-15:25:03,23
11/28/15-15:25:19,25
11/28/15-15:25:34,23
11/28/15-15:25:49,16
11/28/15-15:26:04,28
11/28/15-15:26:19,26
11/28/15-15:26:34,26
11/28/15-15:26:49,28
11/28/15-15:27:05,15
11/28/15-15:27:20,17
11/28/15-15:27:35,27
11/28/15-15:27:50,28
11/28/15-15:28:05,20
11/28/15-15:28:20,23
11/28/15-15:28:35,23
11/28/15-15:28:50,15
11/28/15-15:29:06,26
11/28/15-15:29:21,16
11/28/15-15:29:36,22
11/28/15-15:29:51,29
11/28/15-15:30:06,17
11/28/15-15:30:21,19
11/28/15-15:30:36,18
11/28/15-15:30:52,28
11/28/15-15:31:07,24
11/28/15-15:31:22,16
11/28/15-15:31:37,19
11/28/15-15:31:52,27
11/28/15-15:32:07,17
11/28/15-15:32:22,23
11/28/15-15:32:38,21
11/28/15-15:32:53,22
11/28/15-15:33:08,24
11/28/15-15:33:23,29
11/28/15-15:33:38,26
11/28/15-15:33:53,19
11/28/15-15:34:08,28
11/28/15-15:34:24,20
11/28/15-15:34:39,28
11/28/15-15:34:54,26
11/28/15-15:35:09,26
11/28/15-15:35:24,15
11/28/15-15:35:39,24
11/28/15-15:35:54,17
11/28/15-15:36:09,18
11/28/15-15:36:24,16
11/28/15-15:36:39,27
11/28/15-15:36:55,26
11/28/15-15:37:10,22
11/28/15-15:37:25,20
11/28/15-15:37:40,16
11/28/15-15:37:55,24
11/28/15-15:38:10,23
11/28/15-15:38:25,25
11/28/15-15:38:41,16
11/28/15-15:38:56,20
11/28/15-15:39:11,25
11/28/15-15:39:26,24
11/28/15-15:39:41,22
11/28/15-15:39:56,21
11/28/15-15:40:11,22
11/28/15-15:40:27,24
11/28/15-15:40:42,25
11/28/15-15:40:57,19
11/28/15-15:41:12,26
11/28/15-15:41:27,20
11/28/15-15:41:43,28
11/28/15-15:41:58,29
11/28/15-15:42:13,29
11/28/15-15:42:28,27
11/28/15-15:42:43,24
11/28/15-15:42:58,21
11/28/15-15:43:13,19
11/28/15-15:43:28,15
11/28/15-15:43:43,25
11/28/15-15:43:58,17
11/28/15-15:44:14,17
11/28/15-15:44:29,22
11/28/15-15:44:44,20
11/28/15-15:44:59,21
11/28/15-15:45:14,25
11/28/15-15:45:30,20
11/28/15-15:45:45,20
11/28/15-15:46:00,16
11/28/15-15:46:15,29
11/28/15-15:46:30,25
11/28/15-15:46:45,22
11/28/15-15:47:00,18
11/28/15-15:47:16,15
11/28/15-15:47:31,26
11/28/15-15:47:46,29
11/28/15-15:48:01,27
11/28/15-15:48:16,26
11/28/15-15:48:31,21
11/28/15-15:48:47,28
11/28/15-15:49:02,25
11/28/15-15:49:17,17
11/28/15-15:49:32,20
11/28/15-15:49:47,26
11/28/15-15:50:02,16
11/28/15-15:50:17,22
11/28/15-15:50:33,24
11/28/15-15:50:48,15
11/28/15-15:51:03,25
11/28/15-15:51:18,27
11/28/15-15:51:33,18
11/28/15-15:51:48,17
11/28/15-15:52:04,28
11/28/15-15:52:19,21
11/28/15-15:52:34,26
11/28/15-15:52:49,24
11/28/15-15:53:04,23
11/28/15-15:53:19,20
11/28/15-15:53:34,29
11/28/15-15:53:49,25
11/28/15-15:54:04,22
11/28/15-15:54:20,29
11/28/15-15:54:35,27
11/28/15-15:54:50,18
11/28/15-15:55:05,15
11/28/15-15:55:20,28
11/28/15-15:55:35,24
11/28/15-15:55:50,15
11/28/15-15:56:06,16
11/28/15-15:56:21,16
11/28/15-15:56:36,15
11/28/15-15:56:51,19
11/28/15-15:57:06,26
11/28/15-15:57:21,26
11/28/15-15:57:36,21
11/28/15-15:57:51,29
11/28/15-15:58:06,25
11/28/15-15:58:22,22
11/28/15-15:58:37,28
11/28/15-15:58:52,23
11/28/15-15:59:07,16
11/28/15-15:59:22,28
11/28/15-15:59:37,29
11/28/15-15:59:52,18
11/28/15-16:00:08,28
11/28/15-16:00:23,24
11/28/15-16:00:38,27
11/28/15-16:00:53,18
11/28/15-16:01:08,20
11/28/15-16:01:23,19
11/28/15-16:01:38,17
11/28/15-16:01:53,27
11/28/15-16:02:09,27
11/28/15-16:02:24,27
11/28/15-16:02:39,22
11/28/15-16:02:54,29
11/28/15-16:03:09,28
11/28/15-16:03:24,25
11/28/15-16:03:39,24
11/28/15-16:03:54,15
11/28/15-16:04:09,26
11/28/15-16:04:24,20
11/28/15-16:04:40,28
11/28/15-16:04:55,22
11/28/15-16:05:10,15
11/28/15-16:05:25,20
11/28/15-16:05:40,27
11/28/15-16:05:55,28
11/28/15-16:06:10,23
11/28/15-16:06:26,24
11/28/15-16:06:41,19
11/28/15-16:06:56,28
11/28/15-16:07:11,25
11/28/15-16:07:26,21
11/28/15-16:07:41,15
11/28/15-16:07:56,22
11/28/15-16:08:12,27
11/28/15-16:08:27,28
11/28/15-16:08:42,19
11/28/15-16:08:57,26
11/28/15-16:09:12,29
11/28/15-16:09:27,29
11/28/15-16:09:43,27
11/28/15-16:09:58,23
11/28/15-16:10:13,25
11/28/15-16:10:28,29
11/28/15-16:10:43,22
11/28/15-16:10:58,22
11/28/15-16:11:13,24
11/28/15-16:11:28,27
11/28/15-16:11:43,19
11/28/15-16:11:59,16
11/28/15-16:12:14,27
11/28/15-16:12:29,15
11/28/15-16:12:44,29
11/28/15-16:12:59,17
11/28/15-16:13:14,16
11/28/15-16:13:30,22
11/28/15-16:13:45,19
11/28/15-16:14:00,16
11/28/15-16:14:15,29
11/28/15-16:14:30,19
11/28/15-16:14:45,23
11/28/15-16:15:00,25
11/28/15-16:15:15,23
11/28/15-16:15:31,26
11/28/15-16:15:46,28
11/28/15-16:16:01,17
11/28/15-16:16:16,20
11/28/15-16:16:31,28
11/28/15-16:16:46,22
11/28/15-16:17:01,17
11/28/15-16:17:16,26
11/28/15-16:17:31,16
11/28/15-16:17:47,26
11/28/15-16:18:02,23
11/28/15-16:18:17,19
11/28/15-16:18:32,18
11/28/15-16:18:47,17
11/28/15-16:19:02,27
11/28/15-16:19:17,26
11/28/15-16:19:32,26
11/28/15-16:19:48,16
11/28/15-16:20:03,22
11/28/15-16:20:18,28
11/28/15-16:20:33,28
11/28/15-16:20:48,25
11/28/15-16:21:03,20
11/28/15-16:21:19,29
11/28/15-16:21:34,15
11/28/15-16:21:49,22
11/28/15-16:22:04,15
11/28/15-16:22:19,26
11/28/15-16:22:34,18
11/28/15-16:22:49,26
11/28/15-16:23:05,23
11/28/15-16:23:20,15
11/28/15-16:23:35,19
11/28/15-16:23:50,16
11/28/15-16:24:05,22
11/28/15-16:24:20,18
11/28/15-16:24:35,24
11/28/15-16:24:50,21
11/28/15-16:25:06,21
11/28/15-16:25:21,17
11/28/15-16:25:36,25
11/28/15-16:25:51,16
11/28/15-16:26:06,22
11/28/15-16:26:21,16
11/28/15-16:26:36,28
11/28/15-16:26:51,24
11/28/15-16:27:07,25
11/28/15-16:27:22,27
11/28/15-16:27:37,17
11/28/15-16:27:52,21
11/28/15-16:28:07,17
11/28/15-16:28:22,27
11/28/15-16:28:38,22
11/28/15-16:28:53,29
11/28/15-16:29:08,17
11/28/15-16:29:23,25
11/28/15-16:29:38,22
11/28/15-16:29:53,23
11/28/15-16:30:08,23
11/28/15-16:30:23,24
11/28/15-16:30:38,23
11/28/15-16:30:54,17
11/28/15-16:31:09,16
11/28/15-16:31:24,15
11/28/15-16:31:39,27
11/28/15-16:31:54,20
11/28/15-16:32:09,17
11/28/15-16:32:24,22
11/28/15-16:32:40,19
11/28/15-16:32:55,29
11/28/15-16:33:10,19
11/28/15-16:33:25,24
11/28/15-16:33:40,26
11/28/15-16:33:55,20
11/28/15-16:34:10,16
11/28/15-16:34:25,26
11/28/15-16:34:41,17
11/28/15-16:34:56,18
11/28/15-16:35:11,25
11/28/15-16:35:26,19
11/28/15-16:35:41,26
11/28/15-16:35:56,29
11/28/15-16:36:11,21
11/28/15-16:36:26,21
11/28/15-16:36:41,23
11/28/15-16:36:57,16
11/28/15-16:37:12,29
11/28/15-16:37:27,15
11/28/15-16:37:42,18
11/28/15-16:37:57,16
11/28/15-16:38:12,29
11/28/15-16:38:27,25
11/28/15-16:38:42,25
11/28/15-16:38:58,21
11/28/15-16:39:13,22
11/28/15-16:39:28,27
11/28/15-16:39:43,18
11/28/15-16:39:58,20
11/28/15-16:40:13,19
11/28/15-16:40:28,19
11/28/15-16:40:43,20
11/28/15-16:40:58,28
11/28/15-16:41:14,24
11/28/15-16:41:29,26
11/28/15-16:41:44,15
11/28/15-16:41:59,18
11/28/15-16:42:14,17
11/28/15-16:42:29,17
11/28/15-16:42:44,26
11/28/15-16:42:59,18
11/28/15-16:43:14,19
11/28/15-16:43:29,27
11/28/15-16:43:45,16
11/28/15-16:44:00,25
11/28/15-16:44:15,26
11/28/15-16:44:30,15
11/28/15-16:44:45,28
11/28/15-16:45:00,17
11/28/15-16:45:15,28
11/28/15-16:45:30,29
11/28/15-16:45:46,27
11/28/15-16:46:01,24
11/28/15-16:46:16,25
11/28/15-16:46:31,28
11/28/15-16:46:46,18
11/28/15-16:47:01,21
11/28/15-16:47:16,25
11/28/15-16:47:32,28
11/28/15-16:47:47,29
11/28/15-16:48:02,27
11/28/15-16:48:17,29
11/28/15-16:48:32,20
11/28/15-16:48:48,29
11/28/15-16:49:03,27
11/28/15-16:49:18,15
11/28/15-16:49:33,17
11/28/15-16:49:48,19
11/28/15-16:50:03,15
11/28/15-16:50:18,28
11/28/15-16:50:34,17
11/28/15-16:50:49,24
11/28/15-16:51:04,25
11/28/15-16:51:19,29
11/28/15-16:51:34,21
11/28/15-16:51:50,16
11/28/15-16:52:05,23
11/28/15-16:52:20,15
11/28/15-16:52:35,17
11/28/15-16:52:50,28
11/28/15-16:53:05,28
11/28/15-16:53:20,24
11/28/15-16:53:36,28
11/28/15-16:53:51,28
11/28/15-16:54:06,23
11/28/15-16:54:21,29
11/28/15-16:54:36,21
11/28/15-16:54:51,24
11/28/15-16:55:06,19
11/28/15-16:55:21,15
11/28/15-16:55:37,22
11/28/15-16:55:52,16
11/28/15-16:56:07,24
11/28/15-16:56:22,20
11/28/15-16:56:37,25
11/28/15-16:56:52,28
11/28/15-16:57:07,15
11/28/15-16:57:22,22
11/28/15-16:57:37,28
11/28/15-16:57:53,23
11/28/15-16:58:08,26
11/28/15-16:58:23,27
11/28/15-16:58:38,23
11/28/15-16:58:53,26
11/28/15-16:59:08,23
11/28/15-16:59:23,26
11/28/15-16:59:39,17
11/28/15-16:59:54,29
11/28/15-17:00:09,25
11/28/15-17:00:24,20
11/28/15-17:00:39,28
11/28/15-17:00:55,22
11/28/15-17:01:10,21
11/28/15-17:01:25,29
11/28/15-17:01:40,26
11/28/15-17:01:55,28
11/28/15-17:02:10,27
11/28/15-17:02:25,18
11/28/15-17:02:40,29
11/28/15-17:02:56,16
11/28/15-17:03:11,18
11/28/15-17:03:26,22
11/28/15-17:03:41,23
11/28/15-17:03:56,20
11/28/15-17:04:12,29
11/28/15-17:04:27,29
11/28/15-17:04:42,23
11/28/15-17:04:57,28
11/28/15-17:05:12,27
11/28/15-17:05:27,24
11/28/15-17:05:42,17
11/28/15-17:05:58,24
11/28/15-17:06:13,17
11/28/15-17:06:28,26
11/28/15-17:06:43,18
11/28/15-17:06:58,23
11/28/15-17:07:13,19
11/28/15-17:07:29,25
11/28/15-17:07:44,29
11/28/15-17:07:59,17
11/28/15-17:08:14,24
11/28/15-17:08:29,21
11/28/15-17:08:44,28
11/28/15-17:09:00,25
11/28/15-17:09:15,18
11/28/15-17:09:30,28
11/28/15-17:09:45,16
11/28/15-17:10:00,17
11/28/15-17:10:16,17
11/28/15-17:10:31,28
11/28/15-17:10:46,25
11/28/15-17:11:01,26
11/28/15-17:11:16,20
11/28/15-17:11:31,24
11/28/15-17:11:46,28
11/28/15-17:12:01,20
11/28/15-17:12:17,28
11/28/15-17:12:32,19
11/28/15-17:12:47,19
11/28/15-17:13:02,25
11/28/15-17:13:17,26
11/28/15-17:13:32,16
11/28/15-17:13:48,20
11/28/15-17:14:03,17
11/28/15-17:14:18,25
11/28/15-17:14:33,29
11/28/15-17:14:48,20
11/28/15-17:15:03,21
11/28/15-17:15:19,29
11/28/15-17:15:34,17
11/28/15-17:15:49,19
11/28/15-17:16:04,25
11/28/15-17:16:19,21
11/28/15-17:16:34,17
11/28/15-17:16:50,26
11/28/15-17:17:05,20
11/28/15-17:17:20,24
11/28/15-17:17:35,16
11/28/15-17:17:50,15
11/28/15-17:18:05,25
11/28/15-17:18:20,25
11/28/15-17:18:36,15
11/28/15-17:18:51,19
11/28/15-17:19:06,24
11/28/15-17:19:21,23
11/28/15-17:19:36,24
11/28/15-17:19:51,29
11/28/15-17:20:06,24
11/28/15-17:20:22,29
11/28/15-17:20:37,23
11/28/15-17:20:52,25
11/28/15-17:21:07,27
11/28/15-17:21:22,22
11/28/15-17:21:37,27
11/28/15-17:21:53,17
11/28/15-17:22:08,29
11/28/15-17:22:23,22
11/28/15-17:22:38,29
11/28/15-17:22:54,24
11/28/15-17:23:09,23
11/28/15-17:23:24,17
11/28/15-17:23:39,20
11/28/15-17:23:54,20
11/28/15-17:24:10,16
11/28/15-17:24:25,21
11/28/15-17:24:40,22
11/28/15-17:24:55,25
11/28/15-17:25:10,23
11/28/15-17:25:25,26
11/28/15-17:25:41,21
11/28/15-17:25:56,24
11/28/15-17:26:11,17
11/28/15-17:26:26,23
11/28/15-17:26:41,15
11/28/15-17:26:56,27
11/28/15-17:27:11,27
11/28/15-17:27:26,15
11/28/15-17:27:42,21
11/28/15-17:27:57,21
11/28/15-17:28:12,24
11/28/15-17:28:27,15
11/28/15-17:28:42,20
11/28/15-17:28:57,18
11/28/15-17:29:12,24
11/28/15-17:29:28,17
11/28/15-17:29:43,23
11/28/15-17:29:58,22
11/28/15-17:30:13,26
11/28/15-17:30:28,23
11/28/15-17:30:43,28
11/28/15-17:30:59,26
11/28/15-17:31:14,21
11/28/15-17:31:29,16
11/28/15-17:31:44,28
11/28/15-17:31:59,16
11/28/15-17:32:14,21
11/28/15-17:32:29,17
11/28/15-17:32:44,26
11/28/15-17:32:59,29
11/28/15-17:33:15,27
11/28/15-17:33:30,24
11/28/15-17:33:45,22
11/28/15-17:34:00,15
11/28/15-17:34:15,17
11/28/15-17:34:30,15
11/28/15-17:34:45,20
11/28/15-17:35:01,17
11/28/15-17:35:16,21
11/28/15-17:35:31,27
11/28/15-17:35:46,18
11/28/15-17:36:01,17
11/28/15-17:36:16,17
11/28/15-17:36:32,26
11/28/15-17:36:47,25
11/28/15-17:37:02,16
11/28/15-17:37:17,29
11/28/15-17:37:32,19
11/28/15-17:37:47,22
11/28/15-17:38:02,24
11/28/15-17:38:18,15
11/28/15-17:38:33,26
11/28/15-17:38:48,25
11/28/15-17:39:03,21
11/28/15-17:39:19,27
11/28/15-17:39:34,24
11/28/15-17:39:49,27
11/28/15-17:40:04,28
11/28/15-17:40:19,15
11/28/15-17:40:34,24
11/28/15-17:40:49,17
11/28/15-17:41:05,23
11/28/15-17:41:20,23
11/28/15-17:41:35,19
11/28/15-17:41:50,18
11/28/15-17:42:05,27
11/28/15-17:42:20,19
11/28/15-17:42:35,21
11/28/15-17:42:51,22
11/28/15-17:43:06,21
11/28/15-17:43:21,15
11/28/15-17:43:36,22
11/28/15-17:43:51,21
11/28/15-17:44:06,20
11/28/15-17:44:21,23
11/28/15-17:44:37,22
11/28/15-17:44:52,19
11/28/15-17:45:07,19
11/28/15-17:45:22,27
11/28/15-17:45:37,22
11/28/15-17:45:52,24
11/28/15-17:46:07,27
11/28/15-17:46:23,20
11/28/15-17:46:38,16
11/28/15-17:46:53,29
11/28/15-17:47:08,29
11/28/15-17:47:23,15
11/28/15-17:47:38,25
11/28/15-17:47:53,19
11/28/15-17:48:09,17
11/28/15-17:48:24,20
11/28/15-17:48:39,20
11/28/15-17:48:54,29
11/28/15-17:49:09,15
11/28/15-17:49:24,28
11/28/15-17:49:40,27
11/28/15-17:49:55,28
11/28/15-17:50:10,27
11/28/15-17:50:25,24
11/28/15-17:50:40,28
11/28/15-17:50:55,17
11/28/15-17:51:10,15
11/28/15-17:51:25,23
11/28/15-17:51:41,22
11/28/15-17:51:56,22
11/28/15-17:52:11,21
11/28/15-17:52:26,22
11/28/15-17:52:41,27
11/28/15-17:52:56,22
11/28/15-17:53:11,28
11/28/15-17:53:27,15
11/28/15-17:53:42,25
11/28/15-17:53:57,25
11/28/15-17:54:12,26
11/28/15-17:54:27,21
11/28/15-17:54:42,29
11/28/15-17:54:57,15
11/28/15-17:55:13,22
11/28/15-17:55:28,27
11/28/15-17:55:43,15
11/28/15-17:55:58,17
11/28/15-17:56:13,24
11/28/15-17:56:28,25
11/28/15-17:56:44,15
11/28/15-17:56:59,26
11/28/15-17:57:14,28
11/28/15-17:57:29,26
11/28/15-17:57:44,27
11/28/15-17:57:59,16
11/28/15-17:58:15,20
11/28/15-17:58:30,29
11/28/15-17:58:45,27
11/28/15-17:59:00,19
11/28/15-17:59:16,28
11/28/15-17:59:31,23
11/28/15-17:59:46,23
11/28/15-18:00:01,16
11/28/15-18:00:16,17
11/28/15-18:00:31,29
11/28/15-18:00:46,21
11/28/15-18:01:01,25
11/28/15-18:01:17,22
11/28/15-18:01:32,18
11/28/15-18:01:47,24
11/28/15-18:02:02,24
11/28/15-18:02:17,19
11/28/15-18:02:32,16
11/28/15-18:02:48,22
11/28/15-18:03:03,27
11/28/15-18:03:18,15
11/28/15-18:03:33,21
11/28/15-18:03:48,21
11/28/15-18:04:04,15
11/28/15-18:04:19,29
11/28/15-18:04:34,16
11/28/15-18:04:49,29
11/28/15-18:05:04,22
11/28/15-18:05:19,15
11/28/15-18:05:35,20
11/28/15-18:05:50,16
11/28/15-18:06:05,19
11/28/15-18:06:20,16
11/28/15-18:06:35,26
11/28/15-18:06:50,20
11/28/15-18:07:05,21
11/28/15-18:07:20,29
11/28/15-18:07:36,22
11/28/15-18:07:51,22
11/28/15-18:08:06,19
11/28/15-18:08:21,18
11/28/15-18:08:36,27
11/28/15-18:08:51,25
11/28/15-18:09:06,19
11/28/15-18:09:21,19
11/28/15-18:09:37,25
11/28/15-18:09:52,22
11/28/15-18:10:07,28
11/28/15-18:10:22,28
11/28/15-18:10:37,21
11/28/15-18:10:53,26
11/28/15-18:11:08,18
11/28/15-18:11:23,22
11/28/15-18:11:38,18
11/28/15-18:11:53,23
11/28/15-18:12:09,18
11/28/15-18:12:24,19
11/28/15-18:12:39,26
11/28/15-18:12:54,18
11/28/15-18:13:09,15
11/28/15-18:13:24,26
11/28/15-18:13:39,26
11/28/15-18:13:55,25
11/28/15-18:14:10,29
11/28/15-18:14:25,20
11/28/15-18:14:40,18
11/28/15-18:14:55,25
11/28/15-18:15:10,29
11/28/15-18:15:26,21
11/28/15-18:15:41,29
11/28/15-18:15:56,15
11/28/15-18:16:11,21
11/28/15-18:16:26,27
11/28/15-18:16:41,18
11/28/15-18:16:56,23
11/28/15-18:17:12,20
11/28/15-18:17:27,26
11/28/15-18:17:42,15
11/28/15-18:17:57,22
11/28/15-18:18:12,18
11/28/15-18:18:28,15
11/28/15-18:18:43,27
11/28/15-18:18:58,25
11/28/15-18:19:13,16
11/28/15-18:19:28,15
11/28/15-18:19:43,23
11/28/15-18:19:58,17
11/28/15-18:20:14,24
11/28/15-18:20:29,20
11/28/15-18:20:44,21
11/28/15-18:20:59,19
11/28/15-18:21:14,27
11/28/15-18:21:29,19
11/28/15-18:21:44,26
11/28/15-18:21:59,29
11/28/15-18:22:14,16
11/28/15-18:22:30,21
11/28/15-18:22:45,15
11/28/15-18:23:00,21
11/28/15-18:23:15,15
11/28/15-18:23:30,17
11/28/15-18:23:45,16
11/28/15-18:24:00,15
11/28/15-18:24:15,25
11/28/15-18:24:30,29
11/28/15-18:24:46,27
11/28/15-18:25:01,28
11/28/15-18:25:16,25
11/28/15-18:25:31,18
11/28/15-18:25:46,16
11/28/15-18:26:02,16
11/28/15-18:26:17,28
11/28/15-18:26:32,18
11/28/15-18:26:47,16
11/28/15-18:27:02,15
11/28/15-18:27:17,17
11/28/15-18:27:33,26
11/28/15-18:27:48,29
11/28/15-18:28:03,15
11/28/15-18:28:18,17
11/28/15-18:28:33,16
11/28/15-18:28:48,17
11/28/15-18:29:03,21
11/28/15-18:29:18,27
11/28/15-18:29:34,19
11/28/15-18:29:49,23
11/28/15-18:30:04,27
11/28/15-18:30:19,21
11/28/15-18:30:34,17
11/28/15-18:30:49,28
11/28/15-18:31:05,23
11/28/15-18:31:20,23
11/28/15-18:31:35,19
11/28/15-18:31:50,29
11/28/15-18:32:05,26
11/28/15-18:32:20,18
11/28/15-18:32:36,27
11/28/15-18:32:51,23
11/28/15-18:33:06,16
11/28/15-18:33:21,29
11/28/15-18:33:36,20
11/28/15-18:33:51,19
11/28/15-18:34:07,17
11/28/15-18:34:22,26
11/28/15-18:34:37,27
11/28/15-18:34:52,26
11/28/15-18:35:07,19
11/28/15-18:35:22,24
11/28/15-18:35:37,17
11/28/15-18:35:53,21
11/28/15-18:36:08,26
11/28/15-18:36:23,16
11/28/15-18:36:38,17
11/28/15-18:36:54,23
11/28/15-18:37:09,29
11/28/15-18:37:24,17
11/28/15-18:37:39,20
11/28/15-18:37:54,27
11/28/15-18:38:10,15
11/28/15-18:38:25,21
11/28/15-18:38:40,28
11/28/15-18:38:55,23
11/28/15-18:39:10,20
11/28/15-18:39:25,25
11/28/15-18:39:40,17
11/28/15-18:39:56,21
11/28/15-18:40:11,26
11/28/15-18:40:26,18
11/28/15-18:40:41,27
11/28/15-18:40:56,18
11/28/15-18:41:11,22
11/28/15-18:41:26,26
11/28/15-18:41:41,20
11/28/15-18:41:57,29
11/28/15-18:42:12,21
11/28/15-18:42:27,28
11/28/15-18:42:42,18
11/28/15-18:42:57,21
11/28/15-18:43:12,22
11/28/15-18:43:27,26
11/28/15-18:43:42,21
11/28/15-18:43:58,19
11/28/15-18:44:13,24
11/28/15-18:44:28,29
11/28/15-18:44:43,15
11/28/15-18:44:58,24
11/28/15-18:45:13,18
11/28/15-18:45:29,29
11/28/15-18:45:44,25
11/28/15-18:45:59,27
11/28/15-18:46:14,28
11/28/15-18:46:29,17
11/28/15-18:46:44,20
11/28/15-18:46:59,21
11/28/15-18:47:15,26
11/28/15-18:47:30,15
11/28/15-18:47:45,17
11/28/15-18:48:00,24
11/28/15-18:48:15,25
11/28/15-18:48:30,28
11/28/15-18:48:45,20
11/28/15-18:49:00,23
11/28/15-18:49:15,29
11/28/15-18:49:31,18
11/28/15-18:49:46,29
11/28/15-18:50:01,16
11/28/15-18:50:16,25
11/28/15-18:50:31,20
11/28/15-18:50:46,28
11/28/15-18:51:02,25
11/28/15-18:51:17,28
11/28/15-18:51:32,19
11/28/15-18:51:47,22
11/28/15-18:52:02,17
11/28/15-18:52:17,18
11/28/15-18:52:32,25
11/28/15-18:52:48,22
11/28/15-18:53:03,25
11/28/15-18:53:18,19
11/28/15-18:53:33,15
11/28/15-18:53:48,26
11/28/15-18:54:03,28
11/28/15-18:54:18,20
11/28/15-18:54:34,20
11/28/15-18:54:49,25
11/28/15-18:55:04,22
11/28/15-18:55:19,22
11/28/15-18:55:34,20
11/28/15-18:55:49,18
11/28/15-18:56:05,17
11/28/15-18:56:20,25
11/28/15-18:56:35,15
11/28/15-18:56:50,22
11/28/15-18:57:05,29
11/28/15-18:57:21,27
11/28/15-18:57:36,19
11/28/15-18:57:51,20
11/28/15-18:58:06,25
11/28/15-18:58:21,21
11/28/15-18:58:36,21
11/28/15-18:58:51,16
11/28/15-18:59:07,18
11/28/15-18:59:22,22
11/28/15-18:59:37,25
11/28/15-18:59:52,28
11/28/15-19:00:07,20
11/28/15-19:00:22,25
11/28/15-19:00:38,15
11/28/15-19:00:53,21
11/28/15-19:01:08,22
11/28/15-19:01:23,25
11/28/15-19:01:38,27
11/28/15-19:01:54,20
11/28/15-19:02:09,18
11/28/15-19:02:24,25
11/28/15-19:02:39,26
11/28/15-19:02:54,28
11/28/15-19:03:09,22
11/28/15-19:03:24,17
11/28/15-19:03:39,21
11/28/15-19:03:55,24
11/28/15-19:04:10,20
11/28/15-19:04:25,21
11/28/15-19:04:40,22
11/28/15-19:04:55,21
11/28/15-19:05:10,15
11/28/15-19:05:25,25
11/28/15-19:05:41,26
11/28/15-19:05:56,21
11/28/15-19:06:11,26
11/28/15-19:06:26,15
11/28/15-19:06:41,26
11/28/15-19:06:57,29
11/28/15-19:07:12,20
11/28/15-19:07:27,24
11/28/15-19:07:42,22
11/28/15-19:07:57,27
11/28/15-19:08:12,23
11/28/15-19:08:27,18
11/28/15-19:08:42,25
11/28/15-19:08:57,23
11/28/15-19:09:13,18
11/28/15-19:09:28,29
11/28/15-19:09:43,22
11/28/15-19:09:58,27
11/28/15-19:10:13,23
11/28/15-19:10:28,21
11/28/15-19:10:44,17
11/28/15-19:10:59,19
11/28/15-19:11:14,17
11/28/15-19:11:29,16
11/28/15-19:11:44,26
11/28/15-19:11:59,29
11/28/15-19:12:15,17
11/28/15-19:12:30,25
11/28/15-19:12:45,20
11/28/15-19:13:00,29
11/28/15-19:13:15,26
11/28/15-19:13:30,29
11/28/15-19:13:45,17
11/28/15-19:14:01,28
11/28/15-19:14:16,19
11/28/15-19:14:31,23
11/28/15-19:14:46,27
11/28/15-19:15:01,29
11/28/15-19:15:16,24
11/28/15-19:15:32,18
11/28/15-19:15:47,23
11/28/15-19:16:02,24
11/28/15-19:16:17,20
11/28/15-19:16:32,20
11/28/15-19:16:47,27
11/28/15-19:17:02,20
11/28/15-19:17:18,17
11/28/15-19:17:33,27
11/28/15-19:17:48,19
11/28/15-19:18:03,23
11/28/15-19:18:18,28
11/28/15-19:18:34,15
11/28/15-19:18:49,24
11/28/15-19:19:04,22
11/28/15-19:19:19,16
11/28/15-19:19:34,28
11/28/15-19:19:49,20
11/28/15-19:20:04,25
11/28/15-19:20:20,24
11/28/15-19:20:35,17
11/28/15-19:20:50,21
11/28/15-19:21:05,15
11/28/15-19:21:20,24
11/28/15-19:21:35,24
11/28/15-19:21:51,28
11/28/15-19:22:06,29
11/28/15-19:22:21,22
11/28/15-19:22:36,22
11/28/15-19:22:51,23
11/28/15-19:23:06,22
11/28/15-19:23:22,16
11/28/15-19:23:37,22
11/28/15-19:23:52,26
11/28/15-19:24:07,24
11/28/15-19:24:22,25
11/28/15-19:24:37,18
11/28/15-19:24:53,20
11/28/15-19:25:08,18
11/28/15-19:25:23,18
11/28/15-19:25:38,17
11/28/15-19:25:53,25
11/28/15-19:26:08,24
11/28/15-19:26:23,29
11/28/15-19:26:39,15
11/28/15-19:26:54,15
11/28/15-19:27:09,23
11/28/15-19:27:24,29
11/28/15-19:27:39,23
11/28/15-19:27:54,29
11/28/15-19:28:09,24
11/28/15-19:28:25,15
11/28/15-19:28:40,18
11/28/15-19:28:55,18
11/28/15-19:29:10,24
11/28/15-19:29:25,27
11/28/15-19:29:41,22
11/28/15-19:29:56,16
11/28/15-19:30:11,27
11/28/15-19:30:26,23
11/28/15-19:30:41,27
11/28/15-19:30:56,24
11/28/15-19:31:11,27
11/28/15-19:31:27,26
11/28/15-19:31:42,15
11/28/15-19:31:57,28
11/28/15-19:32:12,15
11/28/15-19:32:27,27
11/28/15-19:32:43,20
11/28/15-19:32:58,15
11/28/15-19:33:13,23
11/28/15-19:33:28,18
11/28/15-19:33:43,18
11/28/15-19:33:58,18
11/28/15-19:34:14,23
11/28/15-19:34:29,17
11/28/15-19:34:44,16
11/28/15-19:34:59,15
11/28/15-19:35:14,20
11/28/15-19:35:29,15
11/28/15-19:35:45,16
11/28/15-19:36:00,24
11/28/15-19:36:15,24
11/28/15-19:36:30,22
11/28/15-19:36:45,28
11/28/15-19:37:00,18
11/28/15-19:37:16,15
11/28/15-19:37:31,18
11/28/15-19:37:46,18
11/28/15-19:38:01,24
11/28/15-19:38:16,23
11/28/15-19:38:31,21
11/28/15-19:38:46,22
11/28/15-19:39:02,24
11/28/15-19:39:17,15
11/28/15-19:39:32,24
11/28/15-19:39:47,26
11/28/15-19:40:02,19
11/28/15-19:40:17,28
11/28/15-19:40:32,27
11/28/15-19:40:47,25
11/28/15-19:41:03,27
11/28/15-19:41:18,18
11/28/15-19:41:33,21
11/28/15-19:41:48,18
11/28/15-19:42:03,21
11/28/15-19:42:18,22
11/28/15-19:42:33,21
11/28/15-19:42:49,22
11/28/15-19:43:04,17
11/28/15-19:43:19,27
11/28/15-19:43:34,21
11/28/15-19:43:49,28
11/28/15-19:44:04,21
11/28/15-19:44:19,21
11/28/15-19:44:34,19
11/28/15-19:44:50,18
11/28/15-19:45:05,24
11/28/15-19:45:20,15
11/28/15-19:45:35,17
11/28/15-19:45:50,23
11/28/15-19:46:05,17
11/28/15-19:46:20,20
11/28/15-19:46:36,18
11/28/15-19:46:51,26
11/28/15-19:47:06,18
11/28/15-19:47:21,21
11/28/15-19:47:36,17
11/28/15-19:47:51,15
11/28/15-19:48:06,20
11/28/15-19:48:21,17
11/28/15-19:48:37,16
11/28/15-19:48:52,19
11/28/15-19:49:07,17
11/28/15-19:49:22,24
11/28/15-19:49:37,22
11/28/15-19:49:52,20
11/28/15-19:50:08,23
11/28/15-19:50:23,21
11/28/15-19:50:38,15
11/28/15-19:50:53,17
11/28/15-19:51:08,15
11/28/15-19:51:23,17
11/28/15-19:51:38,24
11/28/15-19:51:53,16
11/28/15-19:52:09,21
11/28/15-19:52:24,29
11/28/15-19:52:39,26
11/28/15-19:52:54,20
11/28/15-19:53:09,25
11/28/15-19:53:24,19
11/28/15-19:53:39,23
11/28/15-19:53:54,29
11/28/15-19:54:10,18
11/28/15-19:54:25,24
11/28/15-19:54:40,26
11/28/15-19:54:55,27
11/28/15-19:55:10,25
11/28/15-19:55:25,23
11/28/15-19:55:40,19
11/28/15-19:55:55,22
11/28/15-19:56:11,20
11/28/15-19:56:26,29
11/28/15-19:56:41,19
11/28/15-19:56:56,15
11/28/15-19:57:11,26
11/28/15-19:57:26,19
11/28/15-19:57:42,24
11/28/15-19:57:57,18
11/28/15-19:58:12,23
11/28/15-19:58:27,26
11/28/15-19:58:42,26
11/28/15-19:58:57,22
11/28/15-19:59:12,24
11/28/15-19:59:27,23
11/28/15-19:59:43,21
11/28/15-19:59:58,17
11/28/15-20:00:13,20
11/28/15-20:00:28,22
11/28/15-20:00:43,21
11/28/15-20:00:58,19
11/28/15-20:01:13,23
11/28/15-20:01:28,25
11/28/15-20:01:44,25
11/28/15-20:01:59,26
11/28/15-20:02:14,16
11/28/15-20:02:29,27
11/28/15-20:02:44,22
11/28/15-20:02:59,24
11/28/15-20:03:14,29
11/28/15-20:03:30,28
11/28/15-20:03:45,24
11/28/15-20:04:00,21
11/28/15-20:04:15,26
11/28/15-20:04:30,24
11/28/15-20:04:45,23
11/28/15-20:05:00,29
11/28/15-20:05:15,28
11/28/15-20:05:30,26
11/28/15-20:05:46,24
11/28/15-20:06:01,18
11/28/15-20:06:16,24
11/28/15-20:06:31,20
11/28/15-20:06:46,27
11/28/15-20:07:01,27
11/28/15-20:07:16,17
11/28/15-20:07:31,25
11/28/15-20:07:47,29
11/28/15-20:08:02,23
11/28/15-20:08:17,28
11/28/15-20:08:32,20
11/28/15-20:08:48,19
11/28/15-20:09:03,20
11/28/15-20:09:18,24
11/28/15-20:09:33,29
11/28/15-20:09:48,21
11/28/15-20:10:03,24
11/28/15-20:10:19,28
11/28/15-20:10:34,28
11/28/15-20:10:49,15
11/28/15-20:11:04,17
11/28/15-20:11:19,25
11/28/15-20:11:34,25
11/28/15-20:11:49,24
11/28/15-20:12:05,28
11/28/15-20:12:20,23
11/28/15-20:12:35,26
11/28/15-20:12:50,20
11/28/15-20:13:05,15
11/28/15-20:13:20,15
11/28/15-20:13:36,27
11/28/15-20:13:51,29
11/28/15-20:14:06,21
11/28/15-20:14:21,28
11/28/15-20:14:36,23
11/28/15-20:14:51,18
11/28/15-20:15:07,18
04/04/15-19:16:32,19
12/07/15-17:48:36,23
12/07/15-17:48:51,23
12/07/15-17:49:06,25
12/07/15-17:49:22,17
12/07/15-17:49:37,24
12/07/15-17:49:52,23
12/07/15-17:50:07,23
12/07/15-17:50:22,19
12/07/15-17:50:38,15
12/07/15-17:50:53,20
12/07/15-17:51:08,27
12/07/15-17:51:23,17
12/07/15-17:51:38,27
12/07/15-17:51:54,23
12/07/15-17:52:09,22
12/07/15-17:52:24,19
12/07/15-17:52:39,25
12/07/15-17:52:54,22
12/07/15-17:53:09,18
12/07/15-17:53:24,19
12/07/15-17:53:40,24
12/07/15-17:53:55,17
12/07/15-17:54:10,25
12/07/15-17:54:25,18
12/07/15-17:54:40,24
12/07/15-17:54:55,18
12/07/15-17:55:11,26
12/07/15-17:55:26,25
12/07/15-17:55:41,22
12/07/15-17:55:56,26
12/07/15-17:56:11,17
12/07/15-17:56:26,22
12/07/15-17:56:41,20
12/07/15-17:56:57,18
12/07/15-17:57:12,19
12/07/15-17:57:27,19
12/07/15-17:57:42,24
12/07/15-17:57:58,21
12/07/15-17:58:13,22
12/07/15-17:58:28,17
12/07/15-17:58:43,28
12/07/15-17:58:58,21
12/07/15-17:59:13,20
12/07/15-17:59:29,20
12/07/15-17:59:44,23
12/07/15-17:59:59,16
12/07/15-18:00:14,24
12/07/15-18:00:29,22
12/07/15-18:00:44,26
12/07/15-18:00:59,23
12/07/15-18:01:15,28
12/07/15-18:01:30,19
12/07/15-18:01:45,28
12/07/15-18:02:00,20
12/07/15-18:02:15,24
12/07/15-18:02:30,26
12/07/15-18:02:46,15
12/07/15-18:03:01,28
12/07/15-18:03:16,22
12/07/15-18:03:31,16
12/07/15-18:03:47,24
12/07/15-18:04:02,29
12/07/15-18:04:17,26
12/07/15-18:04:32,28
12/07/15-18:04:47,27
12/07/15-18:05:02,18
12/07/15-18:05:17,18
12/07/15-18:05:33,28
12/07/15-18:05:48,28
12/07/15-18:06:03,16
12/07/15-18:06:18,25
12/07/15-18:06:33,28
12/07/15-18:06:48,15
12/07/15-18:07:04,19
12/07/15-18:07:19,23
12/07/15-18:07:34,21
12/07/15-18:07:49,20
12/07/15-18:08:04,29
12/07/15-18:08:20,15
12/07/15-18:08:35,19
12/07/15-18:08:50,24
12/07/15-18:09:05,16
12/07/15-18:09:20,17
12/07/15-18:09:36,20
12/07/15-18:09:51,15
12/07/15-18:10:06,29
12/07/15-18:10:21,21
12/07/15-18:10:36,18
12/07/15-18:10:52,18
12/07/15-18:11:07,23
12/07/15-18:11:22,20
12/07/15-18:11:37,22
12/07/15-18:11:52,27
12/07/15-18:12:07,26
12/07/15-18:12:22,16
12/07/15-18:12:38,27
12/07/15-18:12:53,23
12/07/15-18:13:08,24
12/07/15-18:13:23,21
12/07/15-18:13:38,27
12/07/15-18:13:53,26
12/07/15-18:14:09,23
12/07/15-18:14:24,17
12/07/15-18:14:39,23
12/07/15-18:14:54,22
12/07/15-18:15:09,27
12/07/15-18:15:24,24
12/07/15-18:15:39,24
12/07/15-18:15:54,29
12/07/15-18:16:10,26
12/07/15-18:16:25,20
12/07/15-18:16:40,15
12/07/15-18:16:55,15
12/07/15-18:17:10,23
12/07/15-18:17:25,22
12/07/15-18:17:40,19
12/07/15-18:17:56,23
12/07/15-18:18:11,17
12/07/15-18:18:26,15
12/07/15-18:18:41,22
12/07/15-18:18:56,24
12/07/15-18:19:11,28
12/07/15-18:19:27,25
12/07/15-18:19:42,18
12/07/15-18:19:57,23
12/07/15-18:20:12,25
12/07/15-18:20:27,16
12/07/15-18:20:43,27
12/07/15-18:20:58,22
12/07/15-18:21:13,25
12/07/15-18:21:28,22
12/07/15-18:21:43,22
12/07/15-18:21:58,22
12/07/15-18:22:14,21
12/07/15-18:22:29,15
12/07/15-18:22:44,22
12/07/15-18:22:59,21
12/07/15-18:23:14,26
12/07/15-18:23:30,20
12/07/15-18:23:45,21
12/07/15-18:24:00,23
12/07/15-18:24:15,27
12/07/15-18:24:30,16
12/07/15-18:24:46,20
12/07/15-18:25:01,20
12/07/15-18:25:16,19
12/07/15-18:25:31,20
12/07/15-18:25:46,16
12/07/15-18:26:02,17
12/07/15-18:26:17,28
12/07/15-18:26:32,15
12/07/15-18:26:47,24
12/07/15-18:27:02,24
12/07/15-18:27:17,23
12/07/15-18:27:33,19
12/07/15-18:27:48,20
12/07/15-18:28:03,25
12/07/15-18:28:18,21
12/07/15-18:28:33,18
12/07/15-18:28:49,26
12/07/15-18:29:04,23
12/07/15-18:29:19,20
12/07/15-18:29:34,18
12/07/15-18:29:49,19
12/07/15-18:30:05,15
12/07/15-18:30:20,29
12/07/15-18:30:35,16
12/07/15-18:30:50,19
12/07/15-18:31:05,26
12/07/15-18:31:20,24
12/07/15-18:31:35,28
12/07/15-18:31:51,18
12/07/15-18:32:06,19
12/07/15-18:32:21,25
12/07/15-18:32:36,20
12/07/15-18:32:51,24
12/07/15-18:33:06,28
12/07/15-18:33:21,27
12/07/15-18:33:37,25
12/07/15-18:33:52,22
12/07/15-18:34:07,17
12/07/15-18:34:22,24
12/07/15-18:34:37,17
12/07/15-18:34:52,15
12/07/15-18:35:07,16
12/07/15-18:35:22,25
12/07/15-18:35:37,28
12/07/15-18:35:53,25
12/07/15-18:36:08,29
12/07/15-18:36:23,23
12/07/15-18:36:38,25
12/07/15-18:36:53,15
12/07/15-18:37:08,15
12/07/15-18:37:23,29
12/07/15-18:37:39,22
12/07/15-18:37:54,26
12/07/15-18:38:09,24
12/07/15-18:38:24,27
12/07/15-18:38:39,24
12/07/15-18:38:55,25
12/07/15-18:39:10,23
12/07/15-18:39:25,26
12/07/15-18:39:40,27
12/07/15-18:39:55,15
12/07/15-18:40:11,16
12/07/15-18:40:26,23
12/07/15-18:40:41,29
12/07/15-18:40:56,22
12/07/15-18:41:11,18
12/07/15-18:41:27,22
12/07/15-18:41:42,20
12/07/15-18:41:57,20
12/07/15-18:42:12,17
12/07/15-18:42:28,21
12/07/15-18:42:43,18
12/07/15-18:42:58,22
12/07/15-18:43:13,16
12/07/15-18:43:28,15
12/07/15-18:43:43,25
12/07/15-18:43:58,23
12/07/15-18:44:14,20
12/07/15-18:44:29,21
12/07/15-18:44:44,27
12/07/15-18:44:59,19
12/07/15-18:45:14,19
12/07/15-18:45:29,21
12/07/15-18:45:45,21
12/07/15-18:46:00,16
12/07/15-18:46:15,22
12/07/15-18:46:30,20
12/07/15-18:46:46,29
12/07/15-18:47:01,19
12/07/15-18:47:16,20
12/07/15-18:47:31,24
12/07/15-18:47:46,22
12/07/15-18:48:01,15
12/07/15-18:48:17,28
12/07/15-18:48:32,29
12/07/15-18:48:47,20
12/07/15-18:49:02,25
12/07/15-18:49:17,15
12/07/15-18:49:33,21
12/07/15-18:49:48,18
12/07/15-18:50:03,22
12/07/15-18:50:18,26
12/07/15-18:50:34,28
12/07/15-18:50:49,24
12/07/15-18:51:04,21
12/07/15-18:51:19,24
12/07/15-18:51:35,23
12/07/15-18:51:50,18
12/07/15-18:52:05,17
12/07/15-18:52:20,21
12/07/15-18:52:35,24
12/07/15-18:52:50,18
12/07/15-18:53:06,26
12/07/15-18:53:21,21
12/07/15-18:53:36,19
12/07/15-18:53:51,29
12/07/15-18:54:07,25
12/07/15-18:54:22,29
12/07/15-18:54:37,15
12/07/15-18:54:52,19
12/07/15-18:55:07,28
12/07/15-18:55:22,19
12/07/15-18:55:38,25
12/07/15-18:55:53,27
12/07/15-18:56:08,15
12/07/15-18:56:23,27
12/07/15-18:56:38,15
12/07/15-18:56:53,20
12/07/15-18:57:08,26
12/07/15-18:57:24,29
12/07/15-18:57:39,27
12/07/15-18:57:54,18
12/07/15-18:58:09,24
12/07/15-18:58:24,20
12/07/15-18:58:40,15
12/07/15-18:58:55,16
12/07/15-18:59:10,17
12/07/15-18:59:25,19
12/07/15-18:59:40,27
12/07/15-18:59:56,29
12/07/15-19:00:11,26
12/07/15-19:00:26,28
12/07/15-19:00:41,15
12/07/15-19:00:56,23
12/07/15-19:01:12,29
12/07/15-19:01:27,24
12/07/15-19:01:42,19
12/07/15-19:01:57,18
12/07/15-19:02:12,28
12/07/15-19:02:28,17
12/07/15-19:02:43,27
12/07/15-19:02:58,23
12/07/15-19:03:13,17
12/07/15-19:03:28,15
12/07/15-19:03:44,21
12/07/15-19:03:59,23
12/07/15-19:04:14,19
12/07/15-19:04:29,25
12/07/15-19:04:45,26
12/07/15-19:05:00,15
12/07/15-19:05:15,24
12/07/15-19:05:30,20
12/07/15-19:05:45,15
12/07/15-19:06:00,16
12/07/15-19:06:16,23
12/07/15-19:06:31,15
12/07/15-19:06:46,18
12/07/15-19:07:01,17
12/07/15-19:07:16,26
12/07/15-19:07:31,23
12/07/15-19:07:47,21
12/07/15-19:08:02,17
12/07/15-19:08:17,16
12/07/15-19:08:32,23
12/07/15-19:08:47,24
12/07/15-19:09:02,24
12/07/15-19:09:18,27
12/07/15-19:09:33,23
12/07/15-19:09:48,26
12/07/15-19:10:03,25
12/07/15-19:10:18,22
12/07/15-19:10:34,28
12/07/15-19:10:49,17
12/07/15-19:11:04,21
12/07/15-19:11:19,23
12/07/15-19:11:34,24
12/07/15-19:11:50,18
12/07/15-19:12:05,27
12/07/15-19:12:20,19
12/07/15-19:12:35,18
12/07/15-19:12:50,15
12/07/15-19:13:05,19
12/07/15-19:13:21,20
12/07/15-19:13:36,25
12/07/15-19:13:51,27
12/07/15-19:14:06,20
12/07/15-19:14:21,25
12/07/15-19:14:37,15
12/07/15-19:14:52,21
12/07/15-19:15:07,22
12/07/15-19:15:22,23
12/07/15-19:15:37,15
12/07/15-19:15:52,16
12/07/15-19:16:08,25
12/07/15-19:16:23,27
12/07/15-19:16:38,23
12/07/15-19:16:53,29
12/07/15-19:17:08,23
12/07/15-19:17:23,20
12/07/15-19:17:39,24
12/07/15-19:17:54,28
12/07/15-19:18:09,27
12/07/15-19:18:24,15
12/07/15-19:18:39,24
12/07/15-19:18:54,25
12/07/15-19:19:10,23
12/07/15-19:19:25,27
12/07/15-19:19:40,22
12/07/15-19:19:55,28
12/07/15-19:20:11,19
12/07/15-19:20:26,27
12/07/15-19:20:41,27
12/07/15-19:20:56,29
12/07/15-19:21:11,15
12/07/15-19:21:27,18
12/07/15-19:21:42,18
12/07/15-19:21:57,18
12/07/15-19:22:12,18
12/07/15-19:22:27,25
12/07/15-19:22:43,23
12/07/15-19:22:58,19
12/07/15-19:23:13,21
12/07/15-19:23:28,20
12/07/15-19:23:43,29
12/07/15-19:23:59,27
12/07/15-19:24:14,18
12/07/15-19:24:29,28
12/07/15-19:24:44,27
12/07/15-19:24:59,25
12/07/15-19:25:15,15
12/07/15-19:25:30,21
12/07/15-19:25:45,25
12/07/15-19:26:00,28
12/07/15-19:26:15,20
12/07/15-19:26:30,25
12/07/15-19:26:46,18
12/07/15-19:27:01,23
12/07/15-19:27:16,23
12/07/15-19:27:31,26
12/07/15-19:27:46,25
12/07/15-19:28:01,19
12/07/15-19:28:16,20
12/07/15-19:28:32,19
12/07/15-19:28:47,17
12/07/15-19:29:02,19
12/07/15-19:29:17,19
12/07/15-19:29:32,22
12/07/15-19:29:47,29
12/07/15-19:30:03,26
12/07/15-19:30:18,15
12/07/15-19:30:33,19
12/07/15-19:30:48,28
12/07/15-19:31:03,25
12/07/15-19:31:19,15
12/07/15-19:31:34,28
12/07/15-19:31:49,20
12/07/15-19:32:04,16
12/07/15-19:32:19,24
12/07/15-19:32:34,23
12/07/15-19:32:49,21
12/07/15-19:33:05,29
12/07/15-19:33:20,15
12/07/15-19:33:35,16
12/07/15-19:33:50,26
12/07/15-19:34:05,24
12/07/15-19:34:21,24
12/07/15-19:34:36,23
12/07/15-19:34:51,21
12/07/15-19:35:06,21
12/07/15-19:35:21,24
12/07/15-19:35:36,20
12/07/15-19:35:51,23
12/07/15-19:36:07,21
12/07/15-19:36:22,20
12/07/15-19:36:37,23
12/07/15-19:36:52,21
12/07/15-19:37:07,21
12/07/15-19:37:22,20
12/07/15-19:37:37,15
12/07/15-19:37:53,28
12/07/15-19:38:08,29
12/07/15-19:38:23,29
12/07/15-19:38:38,18
12/07/15-19:38:54,20
12/07/15-19:39:09,20
12/07/15-19:39:24,17
12/07/15-19:39:39,18
12/07/15-19:39:54,28
12/07/15-19:40:10,17
12/07/15-19:40:25,28
12/07/15-19:40:40,15
12/07/15-19:40:55,24
12/07/15-19:41:10,15
12/07/15-19:41:26,22
12/07/15-19:41:41,16
12/07/15-19:41:56,15
12/07/15-19:42:11,21
12/07/15-19:42:26,20
12/07/15-19:42:41,23
12/07/15-19:42:56,18
12/07/15-19:43:12,20
12/07/15-19:43:27,20
12/07/15-19:43:42,17
12/07/15-19:43:57,23
12/07/15-19:44:12,17
12/07/15-19:44:28,17
12/07/15-19:44:43,21
12/07/15-19:44:58,20
12/07/15-19:45:13,20
12/07/15-19:45:28,29
12/07/15-19:45:43,27
12/07/15-19:45:59,26
12/07/15-19:46:14,27
12/07/15-19:46:29,29
12/07/15-19:46:44,20
12/07/15-19:46:59,26
12/07/15-19:47:14,27
12/07/15-19:47:30,23
12/07/15-19:47:45,17
12/07/15-19:48:00,15
12/07/15-19:48:15,19
12/07/15-19:48:30,20
12/07/15-19:48:46,23
12/07/15-19:49:01,20
12/07/15-19:49:16,16
12/07/15-19:49:31,29
12/07/15-19:49:47,19
12/07/15-19:50:02,25
12/07/15-19:50:17,19
12/07/15-19:50:32,28
12/07/15-19:50:47,29
12/07/15-19:51:02,16
12/07/15-19:51:18,26
12/07/15-19:51:33,19
12/07/15-19:51:48,20
12/07/15-19:52:03,18
12/07/15-19:52:18,22
12/07/15-19:52:33,15
12/07/15-19:52:49,21
12/07/15-19:53:04,25
12/07/15-19:53:19,17
12/07/15-19:53:34,27
12/07/15-19:53:49,19
12/07/15-19:54:05,23
12/07/15-19:54:20,21
12/07/15-19:54:35,21
12/07/15-19:54:50,26
12/07/15-19:55:05,26
12/07/15-19:55:21,16
12/07/15-19:55:36,28
12/07/15-19:55:51,21
12/07/15-19:56:06,26
12/07/15-19:56:21,15
12/07/15-19:56:37,15
12/07/15-19:56:52,25
12/07/15-19:57:07,23
12/07/15-19:57:22,18
12/07/15-19:57:37,17
12/07/15-19:57:53,25
12/07/15-19:58:08,16
12/07/15-19:58:23,23
12/07/15-19:58:38,19
12/07/15-19:58:53,28
12/07/15-19:59:09,22
12/07/15-19:59:24,22
12/07/15-19:59:39,20
12/07/15-19:59:54,26
12/07/15-20:00:09,22
12/07/15-20:00:25,26
12/07/15-20:00:40,26
12/07/15-20:00:55,25
12/07/15-20:01:10,24
12/07/15-20:01:25,26
12/07/15-20:01:41,22
12/07/15-20:01:56,16
12/07/15-20:02:11,28
12/07/15-20:02:26,24
12/07/15-20:02:42,18
12/07/15-20:02:57,16
12/07/15-20:03:12,21
12/07/15-20:03:27,20
12/07/15-20:03:42,25
12/07/15-20:03:57,16
12/07/15-20:04:13,20
12/07/15-20:04:28,18
12/07/15-20:04:43,16
12/07/15-20:04:58,15
12/07/15-20:05:13,21
12/07/15-20:05:29,19
12/07/15-20:05:44,20
12/07/15-20:05:59,27
12/07/15-20:06:14,21
12/07/15-20:06:29,23
12/07/15-20:06:45,20
12/07/15-20:07:00,19
12/07/15-20:07:15,17
12/07/15-20:07:30,24
12/07/15-20:07:45,26
12/07/15-20:08:01,16
12/07/15-20:08:16,21
12/07/15-20:08:31,16
12/07/15-20:08:46,27
12/07/15-20:09:01,20
12/07/15-20:09:17,19
12/07/15-20:09:32,21
12/07/15-20:09:47,15
12/07/15-20:10:02,23
12/07/15-20:10:17,21
12/07/15-20:10:32,29
12/07/15-20:10:47,28
12/07/15-20:11:02,28
12/07/15-20:11:18,19
12/07/15-20:11:33,25
12/07/15-20:11:48,17
12/07/15-20:12:03,24
12/07/15-20:12:18,23
12/07/15-20:12:33,19
12/07/15-20:12:48,15
12/07/15-20:13:04,18
12/07/15-20:13:19,28
12/07/15-20:13:34,29
12/07/15-20:13:49,24
12/07/15-20:14:05,17
12/07/15-20:14:20,15
12/07/15-20:14:35,19
12/07/15-20:14:50,25
12/07/15-20:15:05,26
12/07/15-20:15:20,15
12/07/15-20:15:35,18
12/07/15-20:15:50,23
12/07/15-20:16:06,15
12/07/15-20:16:21,16
12/07/15-20:16:36,27
12/07/15-20:16:51,24
12/07/15-20:17:06,16
12/07/15-20:17:21,22
12/07/15-20:17:37,15
12/07/15-20:17:52,25
12/07/15-20:18:07,15
12/07/15-20:18:22,15
12/07/15-20:18:37,17
12/07/15-20:18:52,20
12/07/15-20:19:08,27
12/07/15-20:19:23,17
12/07/15-20:19:38,19
12/07/15-20:19:53,27
12/07/15-20:20:08,15
12/07/15-20:20:23,18
12/07/15-20:20:39,19
12/07/15-20:20:54,24
12/07/15-20:21:09,19
12/07/15-20:21:24,19
12/07/15-20:21:39,21
12/07/15-20:21:54,20
12/07/15-20:22:10,29
12/07/15-20:22:25,28
12/07/15-20:22:40,23
12/07/15-20:22:55,15
12/07/15-20:23:10,24
12/07/15-20:23:25,20
12/07/15-20:23:41,22
12/07/15-20:23:56,26
12/07/15-20:24:11,23
12/07/15-20:24:26,23
12/07/15-20:24:41,23
12/07/15-20:24:57,26
12/07/15-20:25:12,16
12/07/15-20:25:27,29
12/07/15-20:25:42,16
12/07/15-20:25:57,17
12/07/15-20:26:12,28
12/07/15-20:26:28,19
12/07/15-20:26:43,27
12/07/15-20:26:58,15
12/07/15-20:27:13,15
12/07/15-20:27:28,17
12/07/15-20:27:44,29
12/07/15-20:27:59,24
12/07/15-20:28:14,29
12/07/15-20:28:29,24
12/07/15-20:28:44,27
12/07/15-20:28:59,19
12/07/15-20:29:15,20
12/07/15-20:29:30,20
12/07/15-20:29:45,21
12/07/15-20:30:00,21
12/07/15-20:30:15,25
12/07/15-20:30:30,29
12/07/15-20:30:46,26
12/07/15-20:31:01,18
12/07/15-20:31:16,28
12/07/15-20:31:31,28
12/07/15-20:31:46,29
12/07/15-20:32:01,29
12/07/15-20:32:16,18
12/07/15-20:32:32,29
12/07/15-20:32:47,25
12/07/15-20:33:02,26
12/07/15-20:33:17,17
12/07/15-20:33:32,29
12/07/15-20:33:48,25
12/07/15-20:34:03,26
12/07/15-20:34:18,19
12/07/15-20:34:33,21
12/07/15-20:34:48,20
12/07/15-20:35:03,28
12/07/15-20:35:18,17
12/07/15-20:35:34,27
12/07/15-20:35:49,16
12/07/15-20:36:04,19
12/07/15-20:36:19,17
12/07/15-20:36:34,22
12/07/15-20:36:49,25
12/07/15-20:37:05,29
12/07/15-20:37:20,25
12/07/15-20:37:35,22
12/07/15-20:37:50,27
12/07/15-20:38:06,19
12/07/15-20:38:21,27
12/07/15-20:38:36,21
12/07/15-20:38:51,23
12/07/15-20:39:06,22
12/07/15-20:39:22,29
12/07/15-20:39:37,24
12/07/15-20:39:52,23
12/07/15-20:40:07,23
12/07/15-20:40:22,17
12/07/15-20:40:38,21
12/07/15-20:40:53,17
12/07/15-20:41:08,16
12/07/15-20:41:23,21
12/07/15-20:41:38,22
12/07/15-20:41:54,26
12/07/15-20:42:09,25
12/07/15-20:42:24,25
12/07/15-20:42:39,24
12/07/15-20:42:54,25
12/07/15-20:43:09,16
12/07/15-20:43:25,27
12/07/15-20:43:40,28
12/07/15-20:43:55,17
12/07/15-20:44:10,17
12/07/15-20:44:26,19
12/07/15-20:44:41,16
12/07/15-20:44:56,23
12/07/15-20:45:11,17
12/07/15-20:45:26,16
12/07/15-20:45:41,25
12/07/15-20:45:56,23
12/07/15-20:46:11,29
12/07/15-20:46:27,29
12/07/15-20:46:42,19
12/07/15-20:46:57,16
12/07/15-20:47:12,20
12/07/15-20:47:27,16
12/07/15-20:47:43,18
12/07/15-20:47:58,27
12/07/15-20:48:13,16
12/07/15-20:48:28,24
12/07/15-20:48:43,20
12/07/15-20:48:58,25
12/07/15-20:49:13,18
12/07/15-20:49:29,29
12/07/15-20:49:44,25
12/07/15-20:49:59,18
12/07/15-20:50:14,26
12/07/15-20:50:29,16
12/07/15-20:50:45,22
12/07/15-20:51:00,26
12/07/15-20:51:15,19
12/07/15-20:51:30,16
12/07/15-20:51:45,29
12/07/15-20:52:01,20
12/07/15-20:52:16,16
12/07/15-20:52:31,26
12/07/15-20:52:46,17
12/07/15-20:53:01,18
12/07/15-20:53:16,28
12/07/15-20:53:31,27
12/07/15-20:53:47,15
12/07/15-20:54:02,23
12/07/15-20:54:17,21
12/07/15-20:54:32,29
12/07/15-20:54:47,21
12/07/15-20:55:03,29
12/07/15-20:55:18,26
12/07/15-20:55:33,19
12/07/15-20:55:48,21
12/07/15-20:56:03,16
12/07/15-20:56:18,15
12/07/15-20:56:34,22
12/07/15-20:56:49,19
12/07/15-20:57:04,20
12/07/15-20:57:19,19
12/07/15-20:57:34,18
12/07/15-20:57:50,21
12/07/15-20:58:05,22
12/07/15-20:58:20,24
12/07/15-20:58:35,29
12/07/15-20:58:51,17
12/07/15-20:59:06,25
12/07/15-20:59:21,26
12/07/15-20:59:36,16
12/07/15-20:59:51,20
12/07/15-21:00:06,17
12/07/15-21:00:22,22
12/07/15-21:00:37,27
12/07/15-21:00:52,29
12/07/15-21:01:07,19
12/07/15-21:01:22,27
12/07/15-21:01:37,27
12/07/15-21:01:53,17
12/07/15-21:02:08,20
12/07/15-21:02:23,19
12/07/15-21:02:38,15
12/07/15-21:02:53,27
12/07/15-21:03:09,26
12/07/15-21:03:24,26
12/07/15-21:03:39,15
12/07/15-21:03:54,29
12/07/15-21:04:09,17
12/07/15-21:04:24,19
12/07/15-21:04:39,26
12/07/15-21:04:55,25
12/07/15-21:05:10,22
12/07/15-21:05:25,18
12/07/15-21:05:40,19
12/07/15-21:05:55,19
12/07/15-21:06:10,18
12/07/15-21:06:26,15
12/07/15-21:06:41,26
12/07/15-21:06:56,20
12/07/15-21:07:11,21
12/07/15-21:07:26,21
12/07/15-21:07:41,26
12/07/15-21:07:57,15
12/07/15-21:08:12,26
12/07/15-21:08:27,27
12/07/15-21:08:42,20
12/07/15-21:08:58,18
12/07/15-21:09:13,15
12/07/15-21:09:28,28
12/07/15-21:09:43,22
12/07/15-21:09:58,29
12/07/15-21:10:14,26
12/07/15-21:10:29,18
12/07/15-21:10:44,21
12/07/15-21:10:59,20
12/07/15-21:11:14,23
12/07/15-21:11:30,15
12/07/15-21:11:45,24
12/07/15-21:12:00,22
12/07/15-21:12:15,19
12/07/15-21:12:30,18
12/07/15-21:12:46,28
12/07/15-21:13:01,24
12/07/15-21:13:16,15
12/07/15-21:13:32,20
12/07/15-21:13:47,15
12/07/15-21:14:02,29
12/07/15-21:14:17,29
12/07/15-21:14:32,18
12/07/15-21:14:47,18
12/07/15-21:15:03,17
12/07/15-21:15:18,22
12/07/15-21:15:33,16
12/07/15-21:15:48,19
12/07/15-21:16:03,20
12/07/15-21:16:18,25
12/07/15-21:16:34,15
12/07/15-21:16:49,18
12/07/15-21:17:04,21
12/07/15-21:17:19,27
12/07/15-21:17:34,16
12/07/15-21:17:49,17
12/07/15-21:18:05,21
12/07/15-21:18:20,19
12/07/15-21:18:35,28
12/07/15-21:18:50,21
12/07/15-21:19:05,23
12/07/15-21:19:20,20
12/07/15-21:19:36,28
12/07/15-21:19:51,21
12/07/15-21:20:06,19
12/07/15-21:20:21,18
12/07/15-21:20:36,24
12/07/15-21:20:52,21
12/07/15-21:21:07,20
12/07/15-21:21:22,24
12/07/15-21:21:37,19
12/07/15-21:21:52,20
12/07/15-21:22:08,25
12/07/15-21:22:23,25
12/07/15-21:22:38,28
12/07/15-21:22:53,27
12/07/15-21:23:08,18
12/07/15-21:23:23,22
12/07/15-21:23:39,19
12/07/15-21:23:54,18
12/07/15-21:24:09,28
12/07/15-21:24:24,20
12/07/15-21:24:39,15
12/07/15-21:24:54,20
12/07/15-21:25:09,21
12/07/15-21:25:25,27
12/07/15-21:25:40,15
12/07/15-21:25:55,22
12/07/15-21:26:10,28
12/07/15-21:26:25,18
12/07/15-21:26:41,27
12/07/15-21:26:56,26
12/07/15-21:27:11,24
12/07/15-21:27:26,15
12/07/15-21:27:41,25
12/07/15-21:27:56,18
12/07/15-21:28:12,22
12/07/15-21:28:27,18
12/07/15-21:28:42,28
12/07/15-21:28:57,24
12/07/15-21:29:12,25
12/07/15-21:29:28,17
12/07/15-21:29:43,29
12/07/15-21:29:58,25
12/07/15-21:30:13,19
12/07/15-21:30:28,28
12/07/15-21:30:44,20
12/07/15-21:30:59,15
12/07/15-21:31:14,18
12/07/15-21:31:29,15
12/07/15-21:31:44,20
12/07/15-21:32:00,19
12/07/15-21:32:15,15
12/07/15-21:32:30,16
12/07/15-21:32:45,16
12/07/15-21:33:00,26
12/07/15-21:33:15,26
12/07/15-21:33:31,24
12/07/15-21:33:46,28
12/07/15-21:34:01,29
12/07/15-21:34:16,27
12/07/15-21:34:32,24
12/07/15-21:34:47,28
12/07/15-21:35:02,20
12/07/15-21:35:17,22
12/07/15-21:35:32,25
12/07/15-21:35:47,23
12/07/15-21:36:03,29
12/07/15-21:36:18,27
12/07/15-21:36:33,25
12/07/15-21:36:48,20
12/07/15-21:37:03,17
12/07/15-21:37:18,15
12/07/15-21:37:33,17
12/07/15-21:37:49,26
12/07/15-21:38:04,28
12/07/15-21:38:19,22
12/07/15-21:38:34,28
12/07/15-21:38:49,29
12/07/15-21:39:05,15
12/07/15-21:39:20,28
12/07/15-21:39:35,23
12/07/15-21:39:50,18
12/07/15-21:40:05,21
12/07/15-21:40:21,20
12/07/15-21:40:36,15
12/07/15-21:40:51,23
12/07/15-21:41:06,15
12/07/15-21:41:21,24
12/07/15-21:41:37,27
12/07/15-21:41:52,21
12/07/15-21:42:07,26
12/07/15-21:42:22,26
12/07/15-21:42:37,16
12/07/15-21:42:52,19
12/07/15-21:43:08,24
12/07/15-21:43:23,21
12/07/15-21:43:38,24
12/07/15-21:43:53,27
12/07/15-21:44:08,28
12/07/15-21:44:24,29
12/07/15-21:44:39,19
12/07/15-21:44:54,19
12/07/15-21:45:09,28
12/07/15-21:45:24,26
12/07/15-21:45:40,25
12/07/15-21:45:55,23
12/07/15-21:46:10,17
12/07/15-21:46:25,24
12/07/15-21:46:40,23
12/07/15-21:46:55,29
12/07/15-21:47:10,28
12/07/15-21:47:26,26
12/07/15-21:47:41,17
12/07/15-21:47:56,18
12/07/15-21:48:11,18
12/07/15-21:48:26,24
12/07/15-21:48:41,29
12/07/15-21:48:56,29
12/07/15-21:49:11,26
12/07/15-21:49:27,26
12/07/15-21:49:42,22
12/07/15-21:49:57,23
12/07/15-21:50:12,29
12/07/15-21:50:27,28
12/07/15-21:50:43,19
12/07/15-21:50:58,15
12/07/15-21:51:13,21
12/07/15-21:51:28,28
12/07/15-21:51:43,19
12/07/15-21:51:59,26
12/07/15-21:52:14,19
12/07/15-21:52:29,27
12/07/15-21:52:44,19
12/07/15-21:52:59,29
12/07/15-21:53:15,19
12/07/15-21:53:30,21
12/07/15-21:53:45,29
12/07/15-21:54:00,16
12/07/15-21:54:16,17
12/07/15-21:54:31,25
12/07/15-21:54:46,29
12/07/15-21:55:01,22
12/07/15-21:55:16,28
12/07/15-21:55:32,26
12/07/15-21:55:47,20
12/07/15-21:56:02,16
12/07/15-21:56:17,19
12/07/15-21:56:32,15
12/07/15-21:56:47,16
12/07/15-21:57:03,17
12/07/15-21:57:18,28
12/07/15-21:57:33,28
12/07/15-21:57:48,20
12/07/15-21:58:03,27
12/07/15-21:58:19,27
12/07/15-21:58:34,19
12/07/15-21:58:49,21
12/07/15-21:59:04,20
12/07/15-21:59:20,16
12/07/15-21:59:35,22
12/07/15-21:59:50,23
12/07/15-22:00:05,22
12/07/15-22:00:20,16
12/07/15-22:00:35,21
12/07/15-22:00:51,25
12/07/15-22:01:06,21
12/07/15-22:01:21,18
12/07/15-22:01:36,18
12/07/15-22:01:51,15
12/07/15-22:02:06,20
12/07/15-22:02:22,24
12/07/15-22:02:37,24
12/07/15-22:02:52,22
12/07/15-22:03:07,24
12/07/15-22:03:23,25
12/07/15-22:03:38,27
12/07/15-22:03:53,29
12/07/15-22:04:08,27
12/07/15-22:04:23,29
12/07/15-22:04:39,17
12/07/15-22:04:54,27
12/07/15-22:05:09,28
12/07/15-22:05:24,16
12/07/15-22:05:39,18
12/07/15-22:05:54,17
12/07/15-22:06:10,16
12/07/15-22:06:25,26
12/07/15-22:06:40,18
12/07/15-22:06:55,26
12/07/15-22:07:11,25
12/07/15-22:07:26,21
12/07/15-22:07:41,20
12/07/15-22:07:56,19
12/07/15-22:08:11,29
12/07/15-22:08:26,24
12/07/15-22:08:41,19
12/07/15-22:08:57,20
12/07/15-22:09:12,25
12/07/15-22:09:27,16
12/07/15-22:09:42,24
12/07/15-22:09:57,25
12/07/15-22:10:13,23
12/07/15-22:10:28,18
12/07/15-22:10:43,22
12/07/15-22:10:59,18
12/07/15-22:11:14,20
12/07/15-22:11:29,17
12/07/15-22:11:44,20
12/07/15-22:11:59,24
12/07/15-22:12:15,15
12/07/15-22:12:30,28
12/07/15-22:12:45,25
12/07/15-22:13:00,19
12/07/15-22:13:15,18
12/07/15-22:13:30,29
12/07/15-22:13:46,26
12/07/15-22:14:01,27
12/07/15-22:14:16,18
12/07/15-22:14:31,24
12/07/15-22:14:47,15
12/07/15-22:15:02,21
12/07/15-22:15:17,25
12/07/15-22:15:32,28
12/07/15-22:15:47,21
12/07/15-22:16:03,24
12/07/15-22:16:18,29
12/07/15-22:16:33,20
12/07/15-22:16:48,24
12/07/15-22:17:03,25
12/07/15-22:17:19,27
12/07/15-22:17:34,23
12/07/15-22:17:49,25
12/07/15-22:18:04,24
12/07/15-22:18:19,15
12/07/15-22:18:34,21
12/07/15-22:18:50,23
12/07/15-22:19:05,26
12/07/15-22:19:20,19
12/07/15-22:19:35,25
12/07/15-22:19:50,19
12/07/15-22:20:05,15
12/07/15-22:20:21,17
12/07/15-22:20:36,29
12/07/15-22:20:51,24
12/07/15-22:21:06,21
12/07/15-22:21:21,19
12/07/15-22:21:36,15
12/07/15-22:21:52,17
12/07/15-22:22:07,26
12/07/15-22:22:22,20
12/07/15-22:22:37,24
12/07/15-22:22:53,24
12/07/15-22:23:08,15
12/07/15-22:23:23,22
12/07/15-22:23:38,15
12/07/15-22:23:53,23
12/07/15-22:24:08,28
12/07/15-22:24:24,27
12/07/15-22:24:39,21
12/07/15-22:24:54,21
12/07/15-22:25:09,23
12/07/15-22:25:24,28
12/07/15-22:25:39,17
12/07/15-22:25:54,29
12/07/15-22:26:10,22
12/07/15-22:26:25,18
12/07/15-22:26:40,19
12/07/15-22:26:55,23
12/07/15-22:27:10,21
12/07/15-22:27:25,21
12/07/15-22:27:41,16
12/07/15-22:27:56,25
12/07/15-22:28:11,16
12/07/15-22:28:26,29
12/07/15-22:28:41,23
12/07/15-22:28:56,15
12/07/15-22:29:11,22
12/07/15-22:29:26,22
12/07/15-22:29:42,21
12/07/15-22:29:57,22
12/07/15-22:30:12,21
12/07/15-22:30:27,21
12/07/15-22:30:42,27
12/07/15-22:30:57,26
12/07/15-22:31:13,23
12/07/15-22:31:28,21
12/07/15-22:31:43,20
12/07/15-22:31:58,22
12/07/15-22:32:13,23
12/07/15-22:32:29,16
12/07/15-22:32:44,18
12/07/15-22:32:59,17
12/07/15-22:33:14,15
12/07/15-22:33:29,25
12/07/15-22:33:45,18
12/07/15-22:34:00,27
12/07/15-22:34:15,18
12/07/15-22:34:30,15
12/07/15-22:34:45,24
12/07/15-22:35:00,16
12/07/15-22:35:15,28
12/07/15-22:35:31,19
12/07/15-22:35:46,15
12/07/15-22:36:01,18
12/07/15-22:36:16,29
12/07/15-22:36:32,25
12/07/15-22:36:47,23
12/07/15-22:37:02,22
12/07/15-22:37:17,23
12/07/15-22:37:32,22
12/07/15-22:37:47,26
12/07/15-22:38:02,26
12/07/15-22:38:17,16
12/07/15-22:38:33,18
12/07/15-22:38:48,29
12/07/15-22:39:03,29
12/07/15-22:39:18,22
12/07/15-22:39:33,24
12/07/15-22:39:48,22
12/07/15-22:40:04,28
12/07/15-22:40:19,29
12/07/15-22:40:34,27
12/07/15-22:40:49,15
12/07/15-22:41:04,26
12/07/15-22:41:19,27
12/07/15-22:41:35,22
12/07/15-22:41:50,18
12/07/15-22:42:05,20
12/07/15-22:42:20,25
12/07/15-22:42:35,23
12/07/15-22:42:50,27
12/07/15-22:43:05,15
12/07/15-22:43:21,28
12/07/15-22:43:36,25
12/07/15-22:43:51,28
12/07/15-22:44:06,22
12/07/15-22:44:21,23
12/07/15-22:44:37,28
12/07/15-22:44:52,27
12/07/15-22:45:07,16
12/07/15-22:45:22,24
12/07/15-22:45:37,16
12/07/15-22:45:52,26
12/07/15-22:46:07,28
12/07/15-22:46:23,29
12/07/15-22:46:38,16
12/07/15-22:46:53,27
12/07/15-22:47:08,19
12/07/15-22:47:24,16
12/07/15-22:47:39,16
12/07/15-22:47:54,16
12/07/15-22:48:09,29
12/07/15-22:48:24,19
12/07/15-22:48:40,29
12/07/15-22:48:55,25
12/07/15-22:49:10,17
12/07/15-22:49:25,16
12/07/15-22:49:40,17
12/07/15-22:49:55,22
12/07/15-22:50:11,20
12/07/15-22:50:26,27
12/07/15-22:50:41,21
12/07/15-22:50:56,16
12/07/15-22:51:11,29
12/07/15-22:51:26,23
12/07/15-22:51:42,22
12/07/15-22:51:57,24
12/07/15-22:52:12,19
12/07/15-22:52:27,18
12/07/15-22:52:42,20
12/07/15-22:52:58,22
12/07/15-22:53:13,29
12/07/15-22:53:28,24
12/07/15-22:53:43,19
12/07/15-22:53:58,29
12/07/15-22:54:14,24
12/07/15-22:54:29,21
12/07/15-22:54:44,17
12/07/15-22:54:59,29
12/07/15-22:55:14,29
12/07/15-22:55:30,27
12/07/15-22:55:45,23
12/07/15-22:56:00,25
12/07/15-22:56:15,24
12/07/15-22:56:30,20
12/07/15-22:56:45,18
12/07/15-22:57:01,16
12/07/15-22:57:16,16
12/07/15-22:57:31,20
12/07/15-22:57:46,18
12/07/15-22:58:01,29
12/07/15-22:58:17,26
12/07/15-22:58:32,18
12/07/15-22:58:47,16
12/07/15-22:59:02,28
12/07/15-22:59:17,16
12/07/15-22:59:33,18
12/07/15-22:59:48,20
12/07/15-23:00:03,18
12/07/15-23:00:18,22
12/07/15-23:00:33,16
12/07/15-23:00:49,22
12/07/15-23:01:04,29
12/07/15-23:01:19,16
12/07/15-23:01:34,29
12/07/15-23:01:50,21
12/07/15-23:02:05,17
12/07/15-23:02:20,20
12/07/15-23:02:35,15
12/07/15-23:02:50,24
12/07/15-23:03:05,27
12/07/15-23:03:21,26
12/07/15-23:03:36,27
12/07/15-23:03:51,16
12/07/15-23:04:06,28
12/07/15-23:04:21,19
12/07/15-23:04:37,16
12/07/15-23:04:52,24
12/07/15-23:05:07,25
12/07/15-23:05:22,19
12/07/15-23:05:37,28
12/07/15-23:05:52,23
12/07/15-23:06:08,23
12/07/15-23:06:23,27
12/07/15-23:06:38,18
12/07/15-23:06:53,28
12/07/15-23:07:09,23
12/07/15-23:07:24,24
12/07/15-23:07:39,21
12/07/15-23:07:54,23
12/07/15-23:08:09,26
12/07/15-23:08:25,29
12/07/15-23:08:40,15
12/07/15-23:08:55,29
12/07/15-23:09:10,21
12/07/15-23:09:25,23
12/07/15-23:09:41,26
12/07/15-23:09:56,24
12/07/15-23:10:11,19
12/07/15-23:10:26,17
12/07/15-23:10:41,26
12/07/15-23:10:56,28
12/07/15-23:11:12,21
12/07/15-23:11:27,28
12/07/15-23:11:42,28
12/07/15-23:11:57,20
12/07/15-23:12:12,28
12/07/15-23:12:27,16
12/07/15-23:12:43,26
12/07/15-23:12:58,23
12/07/15-23:13:13,27
12/07/15-23:13:28,16
12/07/15-23:13:43,16
12/07/15-23:13:58,28
12/07/15-23:14:14,28
12/07/15-23:14:29,18
12/07/15-23:14:44,25
12/07/15-23:14:59,26
12/07/15-23:15:15,23
12/07/15-23:15:30,28
12/07/15-23:15:45,19
12/07/15-23:16:00,29
12/07/15-23:16:15,28
12/07/15-23:16:30,27
12/07/15-23:16:45,27
12/07/15-23:17:01,23
12/07/15-23:17:16,28
12/07/15-23:17:31,28
12/07/15-23:17:46,25
12/07/15-23:18:02,21
12/07/15-23:18:17,15
12/07/15-23:18:32,29
12/07/15-23:18:47,22
12/07/15-23:19:02,17
12/07/15-23:19:18,19
12/07/15-23:19:33,26
12/07/15-23:19:48,20
12/07/15-23:20:03,23
12/07/15-23:20:18,18
12/07/15-23:20:33,20
12/07/15-23:20:49,24
12/07/15-23:21:04,25
12/07/15-23:21:19,18
12/07/15-23:21:34,15
12/07/15-23:21:49,15
12/07/15-23:22:05,29
12/07/15-23:22:20,15
12/07/15-23:22:35,27
12/07/15-23:22:50,22
12/07/15-23:23:05,28
12/07/15-23:23:21,22
12/07/15-23:23:36,16
12/07/15-23:23:51,19
12/07/15-23:24:06,23
12/07/15-23:24:21,25
12/07/15-23:24:36,24
12/07/15-23:24:52,25
12/07/15-23:25:07,21
12/07/15-23:25:22,24
12/07/15-23:25:37,29
12/07/15-23:25:52,28
12/07/15-23:26:07,26
12/07/15-23:26:23,23
12/07/15-23:26:38,19
12/07/15-23:26:53,27
12/07/15-23:27:08,29
12/07/15-23:27:23,20
12/07/15-23:27:39,22
12/07/15-23:27:54,15
12/07/15-23:28:09,25
12/07/15-23:28:24,22
12/07/15-23:28:39,15
12/07/15-23:28:54,24
12/07/15-23:29:10,17
12/07/15-23:29:25,16
12/07/15-23:29:40,25
12/07/15-23:29:55,21
